29560,19780,18440,22320,22800,21060,15790,12930,20250,10340,11150,22760,13460,21700,19340,11180,16660,7020,12650,18250,16730,26950,15880,8260,26610,19190,22610,11450,13700,15960,12320,8620,26300,12390,11680,20610,13230,17640,21520,9700,20300,22220,21300,14310,20050,14230,8700,7030,27900,28900,19130,13380,18550,8100,7420,9290,27860,25310,21900,26550,21490,16300,18660,22210
26210,29400,17660,27170,20570,23130,15170,22130,17440,15010,21750,20120,19100,28260,15140,15550,12990,11290,19730,11000,19780,30510,15270,10030,21050,19000,14460,14530,18320,13690,9550,15060,18710,16610,15010,19650,13020,20930,15110,12990,20340,23530,19560,15710,20390,16780,6390,12300,38090,30060,12640,21830,13480,7300,11470,22510,28390,29130,21720,32920,23170,17810,17950,30050
28830,25520,29220,21700,19980,22970,10680,26260,14010,20340,27870,21260,29650,26150,10740,15460,9360,14730,26550,14450,27150,19310,9910,9720,18210,25010,14910,23070,17180,11390,10540,18820,13350,15790,20990,15970,23560,21030,16550,19130,23870,25830,10270,24240,20660,12070,10370,16670,38120,24130,12070,22510,13580,7950,13050,22800,31500,25140,26350,28640,23020,19110,27240,30150
22430,17390,37620,18140,24980,17510,20660,25820,14920,24770,23230,24020,32000,17240,15380,17850,10790,23530,15480,22310,34530,18270,9660,10970,28110,23280,19690,20770,16970,14940,15390,22660,15160,13190,26430,21520,21790,17640,15210,18270,24810,18890,15850,27460,20150,8060,17280,26660,31340,17050,29050,16570,10350,9390,19900,29190,32030,24440,38870,26000,28380,20070,31680,36100
25670,29040,25930,29880,27770,11830,28940,25990,16850,31620,19370,36100,33500,11870,13770,13250,15410,33200,17500,32350,29360,9730,13580,11090,26890,19050,24940,18400,17840,12670,27380,25410,19040,24400,16860,22740,21070,13070,20110,17100,21830,16090,21970,16430,15910,8890,20810,20340,31570,15480,31630,11950,15550,12550,29130,31340,29690,23980,28460,27370,23930,23090,36740,31240
23290,31110,29660,27450,17400,23430,27130,29570,27600,22150,22110,36970,21150,14170,17050,20240,24750,16140,31700,37150,20800,12630,17840,19930,22110,19790,23940,19630,14020,15260,22870,26070,16700,24260,20550,24070,19670,15440,16800,16410,20180,22360,22120,21170,11880,15890,24370,24980,19260,28590,21590,16260,12570,19930,31810,27950,24990,33760,31830,26490,26610,34250,35140,36960
23930,27110,24610,30200,15490,31030,29680,26720,35420,18180,34510,35880,10360,17120,17900,34480,29860,17380,36590,34150,12090,11100,10670,31060,20460,22960,21920,19720,13840,21990,25350,21460,25750,21260,23230,22420,12560,21340,17240,22340,17060,24480,17070,23660,10790,25780,24740,16200,10720,32760,12770,13730,12730,37200,32030,16410,27260,33130,28820,26510,34840,33190,31850,25890
24610,29240,27430,18490,24510,30290,29910,29640,22500,26230,32300,25430,19390,14570,24930,24890,19340,20940,36670,19450,11420,12700,20680,25360,20920,21930,22110,17700,19430,21070,21350,15360,19350,22940,23010,15470,16140,22990,19340,18670,19540,20620,19250,15200,19870,28190,23870,19180,27840,18790,12740,16300,23300,32750,29480,24370,35070,30060,24290,25320,31850,35950,31900,31210
31960,26490,30350,13260,31350,32990,24440,24920,13590,32580,29800,10750,17260,18610,32360,14190,13500,36990,29270,12970,12010,11200,28200,12440,24280,18530,17160,12320,24370,24630,21670,21820,22600,23680,26540,13950,18730,21770,21470,25390,26310,18160,18240,13760,25220,23870,18900,21880,33020,11400,10080,13520,31810,36050,13740,34200,34110,24180,25510,26480,34670,34890,29080,32270
30750,25740,17940,17680,31480,31410,29020,32140,22840,36380,22860,9290,21050,29770,25670,22800,18970,37640,25160,11240,10490,17050,24740,15970,23420,16200,15500,21080,27950,23570,21460,17280,29250,23700,19450,16790,21280,22650,18690,22850,15840,16000,18780,27350,27390,21070,26170,18190,14220,14240,10260,21530,35580,26330,21830,25020,33880,25440,31000,32300,38280,34600,26150,35510
26790,32250,10440,24740,33180,27780,29470,24030,35190,36120,15080,17960,18990,34780,17750,31820,25930,32540,10130,14090,13110,34140,12260,25000,13540,17170,15190,22720,22890,17550,27860,14770,24810,25660,12290,18260,17080,23560,17370,23930,14810,20980,10900,25460,30280,19020,27810,16040,11120,11590,12190,27920,27440,12400,35820,14180,28050,23810,28380,39330,30000,26890,30170,27900
29780,16740,17840,27850,30590,25450,33670,25490,30340,22310,10560,15900,19890,23960,17250,31720,30430,18780,8090,10790,13230,20990,14990,28210,15560,15220,17470,19870,21970,22480,17470,17640,22800,16890,14380,18350,20480,21100,23200,24220,14610,15200,23380,26050,16930,24690,20580,19790,9800,9610,18610,30630,28360,18830,23630,10510,20770,22830,26380,32850,33350,26310,32330,26190
23130,8530,25050,24680,29130,22720,30040,24900,28850,14440,12040,13760,30280,18350,29500,29520,26720,11440,14140,9170,24380,17990,21220,28250,15730,11020,22080,22940,15990,23690,14700,16990,17980,12260,12240,16710,24140,15870,24100,22270,15080,13290,20660,21930,12390,19350,13440,15120,8100,11990,26890,29280,15340,24900,12230,7110,19500,23700,27010,31550,22310,30010,26080,23900
12200,8610,29350,28700,21150,29020,23400,27230,16370,7230,11200,18260,25890,20410,28330,22990,17330,9990,7220,15110,24000,15090,28720,32170,12590,16100,20330,16290,18330,15540,13720,23470,12610,10770,14890,17290,16070,19520,20500,22130,11340,15250,22970,12660,19670,15770,11530,16840,7550,14950,28220,22590,15120,23250,11800,16310,22470,18900,29670,33640,22910,26420,22140,19800
8000,13950,24440,28380,18770,27480,19140,20900,9630,8100,11310,23830,15280,25320,26810,22590,12160,12370,9850,21830,16570,14610,27280,26420,12860,15240,21920,11690,20260,11000,11610,24920,6300,7860,13980,18360,12100,21510,17880,20680,7810,17660,15280,12110,18340,9320,14520,25000,8900,15800,27660,15480,18520,14880,10350,22170,18400,26860,31700,24770,20030,29550,23320,19870
25660,28240,19690,22740,24870,14440,16810,13290,27550,19000,20420,28740,18560,26160,22420,11550,23170,9710,16420,19790,17150,25970,26090,10610,22910,12980,22500,18120,16550,25780,15340,6000,29530,21330,15680,24120,15120,10760,12360,11590,17100,12530,18320,16640,18560,25540,11430,7950,31210,26900,20180,18210,18280,9610,7660,10460,24860,26450,21680,19730,23640,17580,15780,16550
32580,29430,18130,28520,22260,18720,11630,21420,27160,20150,26690,26830,22860,31850,18250,16060,12680,9940,27960,12560,22160,27270,15480,8930,18550,21910,23910,12250,29830,27790,11630,8060,25300,22520,15530,25240,11210,16530,12130,18180,15650,18510,24480,15380,25780,22210,12460,9120,29210,28560,16860,24470,17750,9760,9970,15230,30440,27740,17190,22550,16950,16080,14630,27350
33200,26780,23700,25700,20430,22190,13330,25520,21800,18740,28140,22240,34170,26690,12700,20940,9060,18580,24160,15200,28110,35760,11180,12770,15990,20550,20680,21580,24130,22990,14770,14650,24160,21570,21870,24600,14720,19790,15890,25210,15800,22140,18630,19190,25810,21340,11500,20460,28340,22290,15500,27250,11490,11900,16710,30580,36050,25560,23320,27010,22960,22720,19770,33410
36710,18820,33550,26520,19560,16200,21420,28260,26220,30750,30110,26700,35650,18250,23030,27200,14110,27810,20390,23000,32280,23450,11140,11180,17230,27270,17430,29460,24220,13620,15640,15160,26440,18340,29970,22730,22800,19680,23550,24610,17030,27780,17490,23030,33300,15270,14510,18100,34910,17910,27380,22450,12680,7830,22090,33820,30210,18830,30570,19880,14300,19030,25420,37400
34860,27740,27180,20850,19880,13970,34190,35580,25550,32250,26550,34340,37040,14880,28300,25250,15860,31660,16390,40080,31620,12290,11570,9190,20930,28330,22340,28840,26330,16380,16230,21290,26360,29430,25220,19010,17710,15830,31170,31970,24510,24940,22140,26890,31340,12470,18480,18090,33490,17790,34440,13280,11600,13720,30150,33010,33780,17710,34260,16320,16960,16080,39930,36890
19400,30190,22390,18670,21600,22510,40490,26650,31140,27160,34970,37910,23590,20250,26860,32990,29620,23050,30670,41530,20770,15770,14270,22490,29380,21690,33150,30320,19360,17410,20240,28160,17200,26020,20400,22240,21820,20700,29720,21820,24490,18490,32560,31520,19080,15450,19140,25170,19610,30340,22460,11750,11170,20610,38570,22840,26570,32720,20330,24850,16820,31880,42020,29130
19090,37540,25650,18110,12580,36500,33700,21930,41770,24980,37160,37130,15110,26440,26760,36620,35940,15850,34990,42020,11810,13710,12820,30510,26610,19450,27910,31970,14830,18560,19890,30400,18560,27270,21240,24460,14630,29930,31010,21350,27980,19940,32190,31640,15140,17730,19250,31450,10750,40350,13960,15780,14720,34920,35660,14020,22160,44970,18570,18000,18580,37710,33580,19170
26210,26760,21360,20220,20210,34960,30900,27970,29740,28700,36700,20080,18620,25190,30660,31390,22590,24450,38980,27000,12720,11350,20320,26870,27040,23080,27680,18680,18300,22650,31200,22130,29420,23420,24310,16330,23680,30440,28530,26290,20160,26300,33350,19860,14740,19100,22650,23980,25150,23280,15190,13960,27230,42710,29850,21620,31010,26660,21030,21120,29820,43570,32110,23810
36060,22540,26010,17660,38940,37840,18420,32250,26570,33520,41480,14890,27400,29350,37720,27610,14600,37430,39720,14450,12960,13510,31990,15280,18350,33840,28230,16040,24300,20730,28830,21920,24980,21330,20530,17080,29080,30210,18650,32100,23860,27010,30060,10290,23200,19770,28080,19770,35380,17250,11200,10210,41640,36940,17050,40130,42830,18680,19530,21430,44350,41990,20230,38090
26250,23130,16940,24440,35730,31940,23300,32860,33000,38700,21310,17310,23750,30670,31270,23300,24360,38540,27420,14290,15730,23670,29580,18030,20700,34450,20730,21430,21780,22050,31610,19420,29260,20760,18110,18990,28480,31610,23470,24260,21250,25990,20510,16080,19720,21580,26240,18570,23100,14730,10650,21320,36110,30190,17690,23900,26560,19670,17180,25610,38690,35090,21350,36650
22480,22720,14910,31570,39730,20660,28710,28210,39690,35600,15800,25960,26860,36490,26660,37010,36620,30850,11630,12290,13580,30620,17450,32600,27200,30410,15700,21610,16610,23520,22510,20600,19940,21880,14560,27630,27440,25730,26270,21130,29300,28120,15250,18070,21130,29060,21370,22810,14080,11570,16920,34040,36480,13400,31480,11150,16410,17720,18190,37130,36060,22060,38010,20610
25030,12660,22320,33750,31830,19170,35900,18620,38290,19240,13660,23530,31860,31410,29680,32360,35180,26090,11200,12770,15930,26110,17910,41470,31480,21500,19440,22620,15840,23470,14730,24960,16490,15570,17730,25630,26220,13820,28220,19890,24260,23580,14900,25660,19500,31370,15000,30060,11370,13210,19750,38300,26720,21170,29770,11860,15080,15360,24300,33820,33110,20630,37010,19290
18860,13150,22260,28160,19750,26030,24550,18930,33660,16390,18600,23580,37550,26360,35090,38040,32040,14760,10140,9490,23590,17900,29230,33030,22460,16100,14240,16100,19720,21820,17650,24280,18220,11610,22880,29250,20510,19310,22620,15800,24010,14400,16790,16140,26580,22640,19660,22780,8140,11120,26410,30020,15150,31850,14200,8640,13770,17790,27880,31800,28500,24970,25820,20100
10850,16740,27620,29510,18730,29450,15930,16950,22360,9160,18680,28650,26700,22980,29330,30130,21400,8810,7810,13250,22520,15560,33270,27270,16550,17010,17000,18270,22600,12390,22200,30080,13000,10600,25080,25650,14930,26000,13890,19550,18150,12110,15880,12100,24050,12130,22950,29220,8120,17530,30570,27730,17210,20810,11090,13410,15200,20260,33940,26650,20090,28910,14450,15710
5810,23920,31380,20190,23300,22010,15210,20710,16230,12760,26200,29780,24980,27720,28140,28170,14450,6920,8900,20990,16920,18280,31570,27050,13050,11810,15200,15870,18770,13870,25380,32200,7970,17250,23370,19960,14630,18920,13040,26450,15030,19180,11920,17220,17330,16730,19970,29690,13290,27620,27950,16180,16420,12660,10320,22140,15920,25310,37100,16090,20350,22580,10850,25810
38370,32740,20680,16670,21340,11410,11290,15840,30730,28970,23130,30430,22550,25760,18830,13020,28990,11900,19320,31050,13730,24670,24420,18400,21680,12100,19060,16550,15580,27840,24360,11230,22580,19130,28630,13630,21370,14450,13080,10900,27020,19930,14400,23190,17110,24470,22740,12990,32200,26260,28340,15900,21960,16440,10580,11100,29600,30410,22860,19590,20300,8600,12480,16180
33780,30750,18070,26150,20890,12780,10030,22780,34240,30740,24960,31790,35480,31210,19040,25790,25050,11930,19800,19820,25870,34230,14020,14030,17150,8550,25810,17130,30600,29030,19470,8190,28860,23000,21780,23970,20980,18100,10930,17900,23280,17790,22520,24320,22870,28480,18620,14940,27540,29270,26460,25420,23420,17550,11830,17460,33950,30550,16660,21020,15360,9190,8640,24610
36320,27700,17930,28780,15180,13440,15710,35130,31930,27870,35890,26730,29720,24510,17840,33230,14660,15790,28430,17630,38880,33030,18120,13000,13430,17650,28880,17810,32430,36270,13650,12280,31180,33260,13640,30680,18630,16030,14670,29200,16610,17910,28740,15310,26900,28070,15760,17520,28480,27810,15940,25190,16690,11190,12330,28540,37060,29200,12230,30360,13430,10140,14460,34490
33070,20530,29860,24220,15940,12880,26300,36080,31920,28980,32080,35580,38510,24900,25750,37730,15830,31140,24810,33770,38990,26640,18150,16350,13400,33030,22730,30250,43040,19740,15720,10340,32170,21030,23560,23860,20390,14650,20440,27360,22500,29770,22950,29510,30560,25170,19060,18150,27970,24690,21930,26410,24350,15170,21220,36450,35490,19630,28510,20730,12640,11660,23340,39010
33680,16890,35640,16580,17740,17700,36560,39980,34180,34490,36570,36210,40090,20380,35670,33240,21760,35050,21350,42360,38750,13450,17280,15350,14060,29670,18510,35590,39110,17950,14900,14910,32250,17740,34080,23190,17810,14510,32140,32110,19240,32180,20630,34850,30290,16190,22630,18400,32590,19460,34520,17410,18270,15100,32020,37720,36320,17380,35660,15090,12720,14470,36430,34730
19690,29950,22520,19300,16480,27430,42010,29100,30440,40600,33860,40090,25550,31490,41440,35400,32730,23540,36510,50490,25360,19330,21670,20890,32910,21510,33450,41870,25550,18020,16450,26010,22080,27940,26940,23300,20650,29800,36390,28770,25960,28320,29670,38570,20050,20190,19920,25220,25610,29220,27730,21640,15860,22390,34430,28500,20440,24840,30580,13040,13730,27140,42650,32600
20030,40070,19730,18760,17470,41600,38740,13860,37580,40550,34130,34880,14110,40190,39720,33440,41330,22600,39060,40830,16130,19610,19100,41640,39800,19720,43920,40240,16210,17600,16100,41600,20600,39390,22830,18500,18950,30390,34520,20640,33180,19620,31410,31840,17790,25510,26670,32030,17650,31650,23260,22610,19440,35620,32920,18940,15880,38470,16580,15530,12970,37840,44180,13020
25970,25600,17160,12730,24720,36460,29990,23090,35850,41530,33770,24450,25720,39940,38130,35770,26090,35050,36490,26960,16000,21380,30570,36340,18890,32210,49820,29460,13720,16210,27300,33290,31200,25680,25260,19080,24710,37280,32000,26250,24870,28160,35640,24960,21680,27370,27240,31890,33140,29590,22520,21310,21960,33990,33650,23330,36370,27830,14030,14470,26740,40210,29690,26230
31420,13840,16270,16850,45630,40800,14690,39610,36940,35800,39900,15250,43300,40500,35100,37050,19660,40610,41220,19260,24980,26190,39000,17160,15350,38470,34310,16070,20160,18610,38330,17730,34840,22300,19410,14400,34130,36560,20100,33180,20780,33170,33780,16350,22370,20280,34360,19760,41010,21360,20900,17450,34300,33590,18830,27670,41970,14880,15140,13220,54730,41020,18930,38070
19900,15150,13840,29590,45650,32100,25940,28460,30400,35130,29920,25630,42070,41530,29850,34540,34060,44760,28530,17340,18000,27880,37740,25970,30860,39560,26780,17810,19260,23740,34870,19140,21440,22380,16400,23110,32940,32000,27350,25240,24470,41100,28730,14900,16450,31770,27130,22730,23160,20080,19310,21820,39700,30220,27680,27590,23590,15300,11350,23970,40790,25480,20560,38700
15360,12390,13140,37770,37540,21860,32630,25630,31880,35720,16190,37130,33750,40110,34450,28270,37620,38000,14610,19520,18130,35310,14570,43490,39220,41790,18040,14830,13940,35500,17800,43350,18880,22520,14690,34850,32140,20570,30690,17540,33990,29160,19870,20340,19970,34470,22680,29700,20090,16930,17320,29680,31300,23080,36830,16280,17220,12300,15210,34500,39570,13360,36940,19370
17260,11270,25110,36490,31440,22100,32400,11810,31300,22680,23740,39400,33400,32980,34500,30440,33300,28420,12770,18350,24590,28740,20100,39800,31730,29520,14960,12970,17850,35600,20600,38600,18150,18030,22940,30380,27390,20960,28180,16490,28260,19930,11460,22290,25880,29210,19610,27320,21220,17000,23810,35890,22730,25880,21220,17130,14510,10830,21050,41520,31210,20460,28210,9040
9010,14920,32800,39070,17510,28460,15300,11400,24100,15250,31650,34970,34340,35470,31720,27760,30770,16790,13550,16100,33860,15780,30830,37630,31810,16260,12710,10920,27220,17990,33210,32750,19040,11550,28080,28850,15760,30130,19550,15690,22130,13790,17150,16950,29910,19100,31830,31020,17640,14630,28640,29750,13820,26760,17490,15740,10810,13840,32780,39480,15380,26640,13440,12160
9100,15810,33120,24380,17610,21190,13870,19110,17260,17540,33810,31660,25800,30740,36520,28640,22030,7120,13950,17840,29760,23360,34850,35340,22830,12250,12780,18990,25990,17010,30080,37650,16420,18160,25830,19000,21280,21510,16710,18690,20070,10750,11940,23850,16530,26510,27880,26790,13320,19040,29660,20510,17870,25890,12790,17770,11300,20180,35880,31540,18400,25980,12810,14110
9390,24950,30320,20500,19880,19780,11970,22850,10900,24410,28870,28280,27620,32070,25250,25360,14510,8070,13570,24320,20200,23230,30480,32550,15480,10230,10650,19510,14840,20950,28550,31780,10400,25250,23460,15580,16040,15440,18300,30410,11790,13260,12590,23610,17690,28790,26330,29930,10430,19720,21830,15570,22100,9740,12500,28480,8580,20350,31140,14930,22730,18390,9150,27620
33020,30560,20660,21680,21330,13580,9500,10660,31060,35630,19940,22190,26520,19870,22690,15810,34330,21630,27710,26610,27000,34010,23780,18720,24910,12550,15000,22430,19350,33180,24970,10820,25070,18440,26610,14950,25620,30130,18640,12180,30940,23200,15610,20760,17250,15890,13970,16590,23380,18810,17860,16010,23330,24330,16100,12300,33860,33680,22220,17940,19160,9940,9910,14560
32830,38560,18200,27530,20420,10080,16490,21190,36380,33930,23620,35990,25640,22050,18910,23390,27940,25830,30000,33910,27570,33570,18770,25120,15840,9070,29870,20670,23100,35720,16650,10930,21960,18180,29940,19250,24300,30430,16780,12220,33820,24480,18910,27810,21080,18650,13030,25170,18180,17240,28490,16480,28160,28760,14310,8650,37600,35520,17670,25440,21230,10210,9600,22610
37690,34070,17600,29060,14260,15150,16210,30600,38870,28390,28000,33300,21680,25610,18150,39820,27370,31410,37120,32810,39900,36880,20960,25560,11180,21350,25850,21000,36000,31200,16290,11640,22230,32120,24530,27080,26530,28730,14800,18010,29860,26690,25720,28850,21510,24300,18890,31320,14980,26250,24750,22870,27580,26980,12590,17540,41210,31890,21320,29550,14510,14350,17810,31450
46180,20050,33650,25250,13850,13680,28170,41180,40240,27930,39920,28440,27150,20190,30120,39950,28480,38570,33300,39190,45140,19190,20710,23780,14760,31830,20270,34220,41070,28910,18000,10920,25180,28810,18550,29560,28730,24270,17940,22660,33980,22600,36700,21790,24240,21680,29190,33780,20920,31580,24240,37290,34680,23260,16830,21450,37290,25050,30970,24330,17740,15770,25800,37940
34170,15650,37930,11900,14360,18350,44300,37780,39480,26280,40150,25140,33760,16940,41940,38950,32710,41750,32700,41630,39290,15260,24840,32790,17860,44000,21280,42110,42790,17310,20200,14400,30140,32000,30770,40630,33060,11150,23110,24420,31130,25960,29050,24610,27030,19370,35530,34560,29620,29570,26420,33980,29080,15820,21370,22400,35270,19860,40840,14920,14190,16270,44790,34310
19330,36070,23210,20630,14130,26590,41970,31910,26050,41030,29810,31590,22090,32220,49890,34870,40400,37620,39740,45870,33210,27410,27860,36700,36870,22880,31900,42380,32560,16710,19450,28470,30140,24050,32760,36900,22650,23610,26580,31050,23450,34140,26530,24420,19410,29880,35230,25530,37420,25280,31530,38260,27390,15570,24180,21310,25250,42590,24500,16330,17020,30070,38870,29430
14550,42370,16550,15840,17910,47710,41610,13970,28120,42100,29020,30110,19410,44520,37430,27940,51660,36070,44600,50660,20440,34580,36190,49810,42490,20560,41990,44060,19340,18700,15510,35150,37060,28870,36280,35310,14280,30280,27470,32960,20270,37170,26460,21370,16090,37360,38470,22430,30590,24210,37850,35730,16010,25990,23800,38560,17670,47060,17180,15100,19800,41910,44380,13740
32560,29090,17360,16920,30360,48400,35750,23900,37930,38710,25320,24880,30930,51760,35320,29290,31740,36580,45580,30330,26500,34310,32570,39520,25180,35250,49240,30210,21760,15450,28590,33140,26330,29600,34850,27880,19950,27070,28220,25190,25520,26270,28200,24950,23370,35540,34040,30170,23190,24320,42090,27460,19800,29990,33450,26220,31720,24620,18440,14990,31960,48200,34470,26880
41350,16760,15700,15390,42000,42340,16430,42180,46430,32030,24520,16050,49180,47870,27600,45450,35450,40610,48820,16900,33720,31770,44650,32480,18280,39100,44840,18560,19410,21310,42820,19450,26490,36300,36720,17780,27400,27610,35780,22520,37590,25190,24290,18260,36800,35570,25540,31070,23330,37620,41070,19210,25990,19810,36470,25280,47480,18610,17720,17580,51520,45610,14790,45150
27830,13900,18340,28470,43980,30590,26290,31610,38510,22640,19410,29040,41770,39860,27970,40070,39430,43320,35310,21850,33620,33600,35840,36150,36840,43710,31760,19950,12730,25380,36260,21790,26500,37250,29270,20050,25790,27750,38560,26580,31900,28450,21790,24890,39570,33170,23700,32050,25940,33370,23680,19820,22550,23890,34290,24750,26600,16430,19720,30460,44580,32450,22250,34940
16040,14020,17660,40460,47600,20760,39990,15650,28820,26050,16220,39150,45480,29680,39460,30270,38920,46700,17960,26950,32020,39120,28500,41670,38570,45220,17780,24050,11800,39510,22620,34790,33140,29170,19800,23090,21060,32750,28970,30600,25640,18240,18860,31210,35840,25590,30950,29090,40460,36510,21060,22960,24700,34620,29330,28690,19140,17680,15820,43620,39230,17560,41790,17830
14440,16460,23660,43270,34190,23190,35860,13110,25090,15240,23880,40390,39360,25910,34980,22770,38590,30360,17190,28180,42660,38720,31440,38190,36180,32960,15010,16740,21680,31400,22630,43410,30330,22940,19950,24380,23640,29210,26080,30110,20070,17660,21390,36470,35800,20710,25060,24900,36410,25680,18240,25550,20870,37930,20240,32960,13670,18410,27940,39090,27390,25590,30940,15480
14730,14590,28460,39220,13430,25870,17370,10440,22190,16720,30210,39240,28010,34060,26940,24580,34290,16920,25540,29090,33900,32970,39340,35480,29720,18790,11730,13480,29260,20980,24090,36790,24560,17300,17870,21310,29170,30690,20180,31800,16960,10950,26170,34050,23320,26410,26250,20650,30180,12560,21380,20680,23860,21050,27710,38970,12130,15230,35650,41540,20390,25350,19540,19300
11920,17520,35660,28930,22050,24600,7280,14900,9570,18600,35800,29010,22990,33160,20110,20040,24140,13350,25530,29930,31020,29170,33480,36630,24120,10760,11250,20280,25240,20400,40920,35490,21620,17830,17610,16080,26140,17340,25750,33390,12240,14920,26120,30120,16560,28550,18800,22350,19980,17450,18400,17880,28210,17320,26100,34310,9450,24960,32530,28490,18970,26400,10620,16560
9990,25870,30150,15410,24350,19880,12740,20890,12140,21110,35260,23930,21710,29300,19230,28230,16270,13630,24550,27860,24750,33510,32790,29910,11930,11250,13780,26570,20740,23550,32570,38420,13480,20600,12750,16290,25340,22190,22010,31650,10300,17550,22990,21990,17670,22070,17020,23280,15260,17510,13210,17450,20690,16940,34550,35130,11360,27720,30410,17140,22160,17080,11260,20620
34390,33970,24530,19120,21980,14350,11490,11450,32580,30080,28130,18760,21850,18800,13490,15020,36740,32740,33830,37620,32920,34140,29140,18440,30270,12670,15770,22100,17860,29490,31130,11320,26910,11760,22570,26630,18680,30280,29670,12470,31290,32860,33310,16270,21680,13690,11640,14060,29460,11600,16010,24350,17060,28200,27280,15750,27120,32100,28700,16950,23630,14020,8630,12050
34070,35700,20360,27730,18130,11890,10590,23730,37470,36070,20520,28540,18470,12550,14080,31250,45150,36220,36180,42260,31860,29280,22030,26480,18770,16000,28990,28370,30710,37260,21720,13930,23660,9960,26590,20720,34010,32910,21520,12270,34180,35970,18560,24380,19850,13230,14220,26460,21180,12640,27580,25900,28280,33560,22540,12870,35060,38790,17790,23340,19420,13890,11000,20590
38550,28720,19410,34710,15950,12860,17470,34120,42980,31360,19230,32410,17650,13880,18620,36150,39020,42640,41790,41890,35910,33730,17720,33140,14470,23520,38620,21050,41290,35900,17220,18330,14470,23920,37110,21030,35940,30890,15810,13080,43310,31140,21570,30260,22760,16950,19320,32810,14950,20400,31220,22470,31890,28190,13770,17650,31360,29600,16590,37120,19780,14500,13050,35220
38420,21370,29780,25420,17030,16100,25510,37600,41960,20130,38350,25180,16410,18920,31870,44030,47730,44840,40900,43190,45430,28900,22360,37620,15060,33300,23380,35890,45710,27000,18100,14610,14510,30200,21390,34050,46870,21710,12950,15420,35780,22420,33590,24830,17440,18990,27730,35350,16570,30290,27200,31560,39090,27030,22120,20200,38790,22290,26840,26950,23300,16760,32350,37200
38530,18470,40470,14830,15730,20020,40190,47690,36950,21000,41090,18640,21370,16500,44100,39590,42400,40500,47850,52510,44360,20630,42960,37140,22500,40230,22650,42750,39870,19680,15710,15800,21420,42070,21300,42450,43000,21460,17080,16270,37290,25070,40330,18910,19680,21180,38900,41240,25340,40860,19900,36990,38510,19800,18430,20820,42150,20410,43160,22010,20360,15620,40280,36340
19830,32460,26040,19100,17320,30810,41030,29340,24510,37600,24990,15530,20690,31160,42620,34760,51070,47460,45810,45410,29420,32470,44400,45390,43050,29530,32100,51410,30590,21770,20900,30030,33430,31690,40100,43660,35610,20530,16500,31330,27240,37080,32320,21390,21480,30680,39050,32570,33060,28830,39390,42810,29400,21710,24210,26950,22650,30510,30270,20670,18940,29770,40500,36690
12340,44890,13920,20480,16330,50330,42370,19290,18250,43560,19300,17760,16950,53580,46680,17220,38710,46680,46960,44690,22620,54760,49850,46560,43440,19550,49700,47130,20040,22140,21170,47500,42550,22380,46460,55550,17100,19160,21610,50310,23930,42080,28000,22890,19760,47210,41700,19080,47180,20850,40720,40950,16280,22510,22310,45020,19570,45790,29420,22120,13940,44060,43060,19290
32170,32460,15850,17660,33190,49690,36130,25080,40090,33590,19370,19850,28110,44900,32940,22250,40050,41200,52760,28790,33610,45030,38590,44780,25160,38300,47170,34550,20470,21620,27980,34890,33990,34140,53480,38280,17820,17060,33700,36010,36340,28680,22520,22850,36450,47010,34650,26400,28190,37550,42510,32280,24900,22290,29420,37210,33770,27400,22510,21070,35300,42230,31240,28730
45250,24340,20320,19150,46310,47950,17790,45760,47600,19100,16320,21570,46020,44560,18890,41890,43440,52030,47730,19210,49590,44450,46280,45880,18860,50590,50110,20070,17990,17630,45190,20760,16060,46310,46880,22630,21740,20970,43320,19260,45210,20550,27000,21120,50630,46310,19440,42030,19960,39540,41570,17770,23170,18400,40160,23740,32250,24260,24180,13340,41880,41520,20230,44200
22800,19390,19500,27930,41630,31420,26760,36480,27200,24030,24030,36840,51950,36640,22680,40920,37710,40510,31790,33320,54100,47300,42180,52560,34730,49360,37130,17600,22650,34640,40760,26680,35040,45340,34820,19610,24470,30390,40470,24250,26670,23430,19690,36640,46130,37100,29000,39730,34180,45490,27040,22540,23860,29390,37680,27710,24090,23360,25870,26010,43750,32680,27720,35880
17850,16650,18070,41200,45460,19480,36370,18080,19280,13610,17900,41560,44790,19860,35650,22650,37810,40740,19620,40720,45760,45910,43350,41240,44820,47670,20990,21000,20690,42120,26160,39240,43410,46730,18710,13790,16420,44020,20500,40660,24030,21900,16720,40380,42910,20950,44340,20300,40630,40430,16900,20150,27390,37910,21890,40940,19060,22210,20570,43880,38690,21010,36350,18620
14770,17800,24240,45500,28080,20460,36830,15840,16980,17050,21160,46070,38110,24100,37180,16530,41240,26210,24960,44510,40520,34800,37750,43730,39560,29550,13670,20230,26400,34220,23980,47630,49110,33650,17480,17510,28430,31690,22720,48210,20240,19080,25930,40980,35280,25850,34470,19360,33860,24660,16360,21310,32040,31290,26240,41690,16300,21240,25010,37770,32720,28990,35160,15640
14160,13000,31950,42220,20190,34400,19130,15440,12070,15310,38290,36040,21510,32320,20270,13010,32140,19360,31690,36850,39360,38610,42880,42540,38180,20400,13650,21720,38240,22000,37610,40010,39570,20370,14490,15930,34780,23130,27310,41000,17230,16480,31240,35280,20410,34720,20550,16130,33520,14280,13960,17760,30190,21930,35090,31870,11650,22080,30130,31190,19980,35180,18480,20090
14150,20980,32340,30390,25650,25250,14710,17800,12810,18920,35760,32170,16040,32720,17960,17660,21950,20290,32340,33860,37120,32290,39070,35110,19580,13070,12450,21560,32830,23500,37610,35530,27450,11960,13300,20750,27780,21060,37130,36280,12550,18970,36120,27130,24980,30660,13240,18760,18220,10470,14880,19810,26140,23040,36680,33760,12970,21130,32480,24200,20770,23440,13280,18590
13990,25170,28680,15330,23060,19120,11670,24720,14870,24980,27510,18470,24480,17440,11760,24840,17210,23660,37770,32290,32440,35400,32330,34950,13610,12540,16250,23710,15870,28850,36860,35880,17890,8090,14130,23390,15770,25840,32220,37330,18100,24520,28750,16960,24920,17210,14270,25720,13380,12090,16420,22620,15730,25010,28390,32160,11650,26960,28790,15310,24660,20240,14000,28140
29160,19400,27120,21440,20480,18220,18050,11440,34320,35140,23870,20210,26850,15440,12170,13720,34930,33730,31650,28540,33500,27660,20710,18270,28860,23180,23480,36150,30520,31790,24580,18490,26580,9480,22940,23560,21520,35350,28280,12690,29120,21370,25030,21010,25460,25370,23190,7840,34800,27940,19100,22600,21860,23240,15570,17870,27670,16290,23710,21980,24500,23980,20400,11630
25010,26730,28420,24100,21540,23150,15930,17200,41100,36280,20790,31630,21260,12640,11300,27160,38960,37760,29870,31030,30560,25690,20260,26290,31840,26450,32930,35260,34000,42330,22650,19020,26860,11920,31190,22820,29520,38600,20580,13590,24280,17950,30880,19870,31800,29990,18680,16980,28760,31210,23460,30370,20180,21570,18700,18070,27170,18920,27120,18120,30220,32570,17870,15710
30130,29710,22090,28110,22710,24400,14970,23460,40670,33980,23840,39220,17100,18050,17620,35000,45730,33060,30010,37430,25870,23500,17520,36780,26340,29700,42240,34410,44920,41400,22520,29800,14530,22630,35230,27060,41770,38740,17100,12910,21800,33420,25390,28740,36170,28240,16880,22460,38350,26810,23980,28720,18190,21600,24680,34860,22800,28680,24910,26710,35700,29380,12640,21860
34170,28690,25600,31930,31460,18950,19210,31120,49520,21460,34020,28490,13570,22050,35300,38370,46010,29440,38350,32160,32950,21980,33240,42060,29760,42900,39540,37730,48780,25260,23110,31140,14430,39420,28460,32840,46960,29240,15680,18690,21960,28600,31560,34450,35700,25170,16610,25410,33820,25730,34920,24010,28200,18180,29780,37270,19480,27440,23350,34330,41720,19670,21850,21280
30950,25960,32890,27950,33440,15800,29700,30700,39300,21610,41450,19910,25700,25110,41360,43160,43590,33080,47550,33990,30800,22090,47130,41830,34000,44090,36280,46030,38820,19280,31460,32330,23420,37780,23010,46740,49290,21530,15840,19200,31830,34320,30830,37910,30970,19140,27480,29570,34970,22350,38200,32530,28790,14680,38490,35390,31780,33460,28050,44140,42760,17790,23920,21690
29340,36010,33660,29180,24870,27970,39070,32550,23560,37030,27910,15580,16370,39640,46580,35390,38390,44750,41980,34120,28770,34430,42490,39100,40440,41720,43700,50130,28980,22290,36150,39120,40710,31940,39680,51890,30810,19190,18170,30300,36950,30170,38950,37300,26480,20560,30540,32380,24920,38270,29370,29130,24050,32690,45790,34170,38860,31130,35990,36010,29310,21810,27110,32930
24600,34240,35150,30500,22250,35800,39600,30190,16450,48290,21210,15110,16630,49760,54520,19220,35010,49190,30120,38130,25180,51660,52420,34200,50270,39290,44080,58050,20950,40250,39170,50250,46320,24380,47920,48440,17690,18070,23250,49700,38980,29580,41480,40390,17350,33580,25530,33770,29110,41190,29760,29160,17730,38760,41610,26760,36850,23860,38070,46110,20190,22040,25510,41200
32750,30770,36280,26280,30380,36600,36230,30710,39710,31610,22070,22170,34250,51970,43220,29080,43240,44350,33020,24590,32110,53940,44280,37320,38110,44430,48260,35960,30120,37520,40490,43630,30610,34600,47950,26730,21660,21050,25850,45130,31180,31250,37090,32380,27950,30800,31570,38040,31780,35150,33200,29410,29020,40170,36780,31670,29480,32800,41960,26400,16900,29760,34620,32550
32790,26420,29340,19210,38070,33860,27790,35480,52040,20910,18380,23490,50860,53280,19230,46980,53460,32090,34870,17200,54390,46890,35510,55850,36860,53040,49520,19720,37000,38420,49170,31960,23070,52340,46930,18980,20700,18780,52170,19650,20490,32290,41020,20530,33250,31900,37540,28450,36030,32830,33890,20400,37180,41030,30180,33160,23890,37740,45350,18630,26670,28080,36340,27490
27540,33540,25370,26400,33260,28170,30700,29870,31780,17340,18820,34460,53640,41060,27990,36070,39230,40000,19740,33650,43890,39580,32540,45930,44120,47870,34140,23100,37040,42800,38860,41170,39960,50360,40040,18980,18820,32330,39720,26090,31470,37220,26990,24570,28530,32160,40950,30190,33290,21670,19310,29700,37920,36960,34660,36350,26590,38550,30620,23270,26060,28090,40120,31730
30700,31390,19390,28900,37000,26870,35710,26450,15400,18980,19930,48010,45460,26620,42260,18580,29300,30950,18490,43590,50800,35550,48250,30390,44100,50490,21460,33010,33630,48930,31780,43820,40100,47370,19440,17510,19320,42690,22620,38730,29840,37070,18350,27990,29000,38300,39090,34660,26700,30900,20980,36710,35030,24540,29410,26350,33800,33060,19570,26980,32800,34690,27400,37600
29720,25720,26840,30520,30920,31040,25750,23020,16940,13150,28270,50410,38170,23950,34670,16520,28170,20850,27450,44730,38740,36050,44780,32860,45110,37380,24250,34780,39840,43520,35830,47440,45240,30550,18480,21300,22680,35250,25450,43160,32300,25620,18940,29590,30660,31890,21670,37970,24180,23880,23010,32360,34060,23080,31990,24320,37870,29010,20410,21870,30350,33170,22750,35620
24310,16130,29260,29120,27960,29600,26000,23300,16420,17290,39630,44020,20100,30210,23780,16950,23770,15980,35980,39520,34370,36280,29880,28350,42600,22450,31930,31450,42430,30860,45610,45960,32770,21890,11510,17600,37130,23190,36680,44180,35540,19050,22430,24990,26980,29450,28470,32340,22540,18560,33030,34370,24400,26010,25060,19940,30150,13160,20430,24700,24540,24540,30510,31330
20340,14510,26070,19200,27520,23190,21150,30880,16550,21600,35140,31560,20960,31080,11460,19740,16420,23230,40920,36370,26770,35150,27910,23840,23350,14190,25450,29900,37280,26810,31720,37870,27670,10980,15870,22990,27270,20510,39100,40000,19530,22450,28240,21790,32330,18420,28160,34520,15670,16850,33300,27700,22970,27150,21100,23990,22440,21960,20830,23030,27820,20930,28080,32850
16750,22750,20870,17460,25150,17480,22150,33010,9260,31730,33440,16150,26980,18060,11970,26320,12660,30100,30930,31180,33010,22530,20670,29180,13330,16740,24210,30740,26370,36540,31900,37670,18930,10990,12290,21310,20210,23220,33750,32660,19740,20660,19970,19770,21130,18110,25520,28110,13670,21840,25470,22650,20510,24340,20600,28090,14800,20820,17610,18210,21150,18880,30460,35380
22800,14690,17970,24470,17230,34330,24560,11560,34080,37940,23860,22950,23880,12410,13010,13250,36390,34520,25160,21960,25620,11780,11480,13100,37410,32060,33800,37640,31900,35650,25680,22520,26660,12620,18160,25850,21610,29670,28180,14140,25350,11710,20540,29660,21060,26060,24430,11160,38230,35050,25830,20500,27070,12050,10720,17590,28240,11510,14740,23730,22680,35850,23080,9960
19370,11140,29340,23440,32020,37590,22810,11170,36870,37930,21480,34170,23430,13970,16290,27790,39750,37850,20280,24540,25090,17250,13210,24190,35910,37630,43390,37620,42500,37390,23320,24850,20570,11580,30410,22470,35520,35280,25980,13440,19660,15240,28980,19490,25710,38270,18320,12270,36360,35900,17970,30330,18890,13230,10700,26640,16360,12240,28860,23900,26990,32550,20300,15220
10650,20970,33080,19880,43550,38330,14740,12470,41040,31250,24960,38710,13890,18510,23740,42750,47240,30760,21130,34620,19450,18990,21050,37150,45130,40120,42000,46350,44530,34250,18440,40000,17930,20970,41680,21870,37570,36830,15590,12880,15330,24290,32110,21270,39510,41990,17170,13620,37180,34840,20820,40180,21970,16230,17280,39150,13230,19730,33930,17630,37330,36140,15350,15640
15430,39220,22510,36580,43740,23540,16570,13900,44660,24530,39860,26510,16510,20000,33910,41790,45180,25010,33840,24560,14510,19480,35440,48220,37480,49480,39930,50160,51470,32420,32490,42350,17500,34890,25000,37540,50900,26680,18500,14700,17100,32120,27720,34840,46300,30180,14720,19310,48210,27080,35800,22280,18790,18200,31420,42120,18060,34580,22970,32980,39960,24570,16480,17400
17620,40330,22910,43540,49270,17870,15110,17670,37480,23510,43430,21990,20390,18910,43270,48550,41090,26080,39480,20630,18620,21030,49450,45410,45590,46750,48540,51440,48810,27790,50720,50440,24830,39890,22930,42540,45090,20300,21230,21200,20620,48420,20740,43960,40080,20160,24420,16720,43780,23450,45120,20150,18540,19680,42400,44020,23370,42690,20770,44500,47580,18690,21440,15790
39520,28220,32270,47880,30730,18070,18300,30210,25180,51860,29570,19620,19920,34180,50180,34090,25840,36190,32970,18460,20180,32540,52280,30120,46570,53720,56950,51630,28330,36490,44470,47320,38770,29490,34390,52230,31550,16170,25270,30520,36280,31550,33300,49480,30900,20440,21400,33750,24210,37060,37260,20740,22700,36190,52760,33250,36940,34620,36300,50530,28950,19080,21360,29680
43490,17090,49080,40500,20290,23030,18760,48080,16060,49300,18880,19090,20300,51600,55840,19080,17650,44580,19780,19880,22180,46820,49640,18620,43890,52290,54900,51240,23540,54360,49570,51730,45590,21090,45350,57620,20480,19070,19140,49040,46780,22590,50190,57420,17390,22230,18170,51370,18550,53560,19140,21750,19640,53650,46200,14920,48820,17660,46260,47900,20280,21830,20730,46190
25160,30860,50990,34140,20060,23220,29960,40120,32690,29130,17830,24980,31250,49120,39770,33260,33090,34620,20090,18390,36840,48030,35860,32570,49740,50840,51980,38800,38290,44230,47960,47560,31470,36920,48560,38750,16150,21530,29240,42020,33160,39900,52280,35040,20300,19290,33790,43370,32430,33370,21100,20900,37550,46710,35180,25530,23300,33270,44330,37360,19250,23510,29600,41670
18850,52740,45200,19970,20960,21010,49870,20430,51320,24140,19840,19160,50320,51930,21660,46290,43640,20060,19710,24620,48450,52230,27530,44840,54700,48950,57350,23010,50600,49790,49080,51350,22430,48330,44070,21260,24800,22390,47600,18540,20460,44160,49420,19980,20590,21750,51890,21650,45610,20270,20800,20110,51050,55200,22090,47180,16710,44420,53110,17700,23100,18500,47460,18460
36030,48760,37190,20250,18100,33980,40060,27790,31600,19800,20490,27090,46850,38340,27460,38630,36560,18430,22820,36560,52510,36770,33810,40930,47940,52230,30970,32230,54320,47600,45910,46890,33230,54350,39370,20940,23050,28060,39470,28070,34540,53750,31330,22400,19940,29740,40850,26350,28910,18480,25500,36740,49450,36810,32700,44840,35330,46790,31190,16270,19740,27880,36780,27070
38510,44310,17180,19150,22980,50200,23670,39140,14170,20810,18620,45480,54470,28360,51010,21660,18070,14260,19150,50550,42950,19960,43270,19870,47100,45890,23800,41410,52450,47060,49310,46520,44770,49340,20780,21500,27180,43880,20650,47740,40510,50850,20250,19150,20030,47630,23920,44220,20740,20240,20460,43630,49480,18170,43540,22220,50560,51930,20730,16680,17640,42750,19310,35660
41870,33350,15630,17980,22400,37320,23400,46700,15580,17620,30410,45670,40480,23710,42730,15630,13090,17940,27440,50080,37080,21300,35910,14490,45530,31480,29980,47440,41910,47530,47210,43590,44020,35080,18370,16570,31620,40520,24250,46710,43350,32850,19990,18560,25660,35250,23350,46150,14820,15680,30940,46450,30350,23410,36610,19030,40310,25820,18810,15040,20120,35180,22620,37810
26920,16190,18620,14200,36500,18180,33920,40330,12630,14050,35980,43910,19770,36080,18570,14790,12990,16700,36820,42790,22500,37430,23830,11420,35160,18400,39920,40300,38260,42170,47880,44510,33260,19220,15840,15140,31730,25090,35480,45310,35000,22920,12890,16940,36240,22160,35520,42470,13790,16270,38340,40210,22410,33500,24470,14580,39190,15430,14400,15110,34200,23950,32830,46250
26040,12080,9530,20960,27940,20290,42920,37020,12520,18010,36260,32780,17250,34780,14490,18990,13440,20420,35770,35140,20540,26500,12750,17010,30460,28020,39070,35620,39820,42910,41230,38440,26610,9990,12240,18560,30950,23220,36560,40420,28040,15990,15320,22580,28480,19470,33860,43730,11590,20160,40330,32950,16960,31760,12610,18320,24330,12340,14540,20260,29310,16240,32240,42070
18090,9830,11420,23410,24930,26890,34290,36790,12030,25890,34780,20730,27140,19400,14840,23010,15840,29880,31130,20980,27120,21370,12860,27520,19780,27410,30970,37940,33870,36180,37630,36680,14510,12780,13250,28370,20520,22580,34240,32680,16990,11390,12230,24910,20400,23770,37260,39170,12600,27730,30340,18760,23890,19080,15450,32110,14000,10770,14120,24670,17250,22710,29600,34610
35330,18450,18760,23930,17750,23440,20700,15480,35030,25590,22290,22500,24570,22820,18270,16540,35610,36340,27160,17190,28600,15620,10140,15530,32620,37020,23430,28260,27580,24000,19870,19660,28330,23780,24820,29140,26540,34560,25200,17470,24760,10850,19800,21420,17130,36220,24580,13360,33060,18190,20620,25580,18620,24020,21220,14310,26620,23140,20080,19360,24620,19910,14720,17550
27470,19080,24650,20120,24050,33270,18380,16630,33170,26070,22610,26050,27110,24240,13470,19100,40370,34850,20880,30200,23440,14400,12690,28240,41880,37800,32870,32580,28700,28640,15110,21830,29250,28480,31170,29890,33620,37250,18200,21910,21970,14810,32680,22150,30710,34590,21530,14520,25700,22960,24180,29850,29120,32840,15330,16990,37320,28800,23350,27420,23180,21730,11450,18950
22540,25110,27960,22530,27960,29070,16570,19670,26970,25700,26560,32750,23260,24160,17860,29920,45930,36100,25760,34920,17940,13700,16240,38300,41020,39850,34030,33450,33220,29990,19420,37240,33890,28530,38210,29680,42030,34590,18250,27740,18120,20250,32030,23310,45470,36550,15250,12480,25450,24070,28060,28750,27240,29050,18300,25050,31040,30510,25060,31950,25760,24510,15510,27630
29600,29080,23020,28530,38660,23910,19850,24550,39630,25220,31950,27240,39230,20310,28370,34290,38790,25560,38920,25480,18390,19310,32980,43170,41370,43910,40290,39880,31810,22150,31100,42990,37700,40160,38290,43220,44500,28930,22180,30280,15060,32340,23240,32960,43730,32360,14760,17070,27850,28060,24710,27630,35520,21810,27680,25170,36360,31960,34160,26700,30720,21620,27110,29650
25710,33740,30400,37680,33350,20260,23460,26070,35040,27090,35930,33270,29870,19110,34860,33760,53660,19330,38780,18500,22150,24840,44940,39950,49500,39990,44390,28830,33850,21310,47720,42360,36160,43060,33890,48170,41770,19440,31470,38890,22650,45690,18400,50520,43910,22020,22110,18900,32400,39880,31940,33880,30760,22850,22670,26820,36140,27430,31610,29230,27930,20080,31740,36290
38810,30360,33630,43480,23130,22280,26980,31870,29130,31070,36010,35830,26380,25440,41260,31880,28260,39270,32650,21700,20470,38470,50880,34140,36300,48700,40170,38340,21560,32820,53630,37850,46740,41270,47260,57380,38980,28040,37770,40220,35400,27660,36290,46490,38080,24900,18650,27490,31550,34410,36260,41390,24820,25380,36150,33640,35020,31680,31600,28890,20720,31260,39990,31420
32750,29860,44230,36470,20630,31310,28300,39270,29570,35250,32770,35990,18820,38600,34580,29680,16830,47580,22790,19890,19740,51810,50630,23620,29930,50410,38700,38490,21120,47150,48230,38420,46540,35690,48660,49970,19090,38370,34310,45320,50040,22980,51710,52030,23640,18730,23620,48670,36570,33060,39200,42320,20690,29990,32040,44270,25350,39740,28150,31930,20420,41080,43020,25040
29760,36410,40150,28660,23460,26140,31790,35160,30980,35800,33290,30440,27340,37440,30210,34650,39610,32050,20700,22790,36410,53970,39250,23560,44050,37880,36440,33210,33510,50870,39550,38850,36600,44360,48480,39810,25540,31640,41250,42430,30480,36090,51550,30150,23040,19310,33500,34650,31530,37350,37610,25710,28250,31300,32050,33910,36470,35000,33970,23070,29310,36800,33460,30090
31550,41000,40000,20800,27780,29900,34310,25690,34270,32310,30500,22170,36790,37470,31570,32920,51050,18140,21620,20260,51410,50790,21030,44810,51140,29360,32990,19330,48260,47430,35080,45140,30780,47180,50780,17930,40650,34150,51190,34810,20670,46260,49440,20170,19870,18410,48260,18300,29350,37300,39160,20330,38310,36230,39290,29760,32560,31070,29080,20690,44300,37560,26260,34340
32790,37510,29940,24400,30850,29320,33770,39660,30790,34190,28930,28830,39760,37480,29560,32530,28250,17060,20380,33780,49210,37070,31230,41140,44390,34110,32480,30350,50460,43860,44580,42110,31490,43130,38880,23980,36640,44710,45550,32700,37670,49960,32700,22190,19110,28120,34470,26410,35010,35030,28730,27770,30580,29880,37080,31100,28720,26400,25420,28660,39750,34510,31190,29290
32920,35650,20730,27030,27830,42450,29690,32920,29270,29170,22160,34450,33730,28570,34360,33460,16780,21290,20810,43700,43870,24540,43620,24730,35070,33590,19310,49810,48960,39030,52540,37540,47180,45310,25610,34810,36420,47440,40940,42530,39930,43030,19130,19000,21410,54340,24990,42800,33520,31260,19740,28760,31120,36340,33040,31180,26640,27900,17160,35750,35280,31200,31610,28780
32030,26320,21070,29600,28870,35270,32100,31310,24730,25700,23930,36740,30360,26350,29470,22790,13980,18980,28960,44800,33740,26850,38830,13590,33720,27150,27810,42830,40700,39110,41490,34310,44330,35330,20060,28110,42790,36940,33940,51700,47780,29830,19650,16870,25480,37320,26630,46310,32350,27630,23410,27680,27340,29050,26450,32690,26120,21940,20480,31780,31320,28060,32480,27640
27850,14670,21020,22430,29750,28740,23170,30340,24590,16670,31370,27560,26080,32000,29020,24430,12140,16120,36840,38240,20000,30960,20090,11720,26720,18000,39890,40690,34610,40080,28320,31090,38180,18370,24750,30780,36720,29770,42540,46520,43670,17710,15810,16530,33730,24010,37830,44140,25920,17980,22260,25340,32460,31600,40050,31720,21020,16310,24760,26390,24750,28930,23530,24350
21080,14320,20720,24620,26030,24390,28430,32960,18650,18010,27940,24900,24670,24440,19700,32350,12850,21200,34960,30400,23270,31670,15210,22420,19790,21410,38900,35940,26680,37180,22400,25280,21910,22850,23160,31420,32300,28710,40440,37370,28360,11190,18310,19500,29870,19240,39840,37310,19800,18220,23050,27400,25320,25940,25060,34330,14970,23030,29970,24400,24080,22880,19480,23530
13000,16200,16870,20890,23430,23420,21840,30380,15480,18890,24000,17540,24700,20690,21630,28120,12170,22540,28640,18580,20980,19120,10210,29010,12440,25480,34720,29870,28220,28740,24170,30240,17110,23030,21590,29080,25880,27980,37780,40960,17740,8130,17500,24130,24960,25830,34960,40300,13420,17300,19550,18730,26480,24980,23130,34310,14140,20690,20610,23690,22970,20380,24660,29970
35300,33010,24130,15770,22710,14410,14600,9310,27930,13990,22450,24570,21350,31560,24660,13260,35080,34160,26150,17640,22950,13840,13010,13450,36600,36700,24860,25680,27850,12910,13500,17970,35860,36930,35880,34250,34360,35660,29350,22140,25680,12240,19010,32510,20380,37470,23740,18000,22380,14280,21070,25470,21440,33320,20660,12850,34350,35730,26850,17050,19930,10800,12830,16100
41020,37220,20850,27780,17850,12030,10430,23700,18110,16280,28770,22420,29770,38910,22010,12630,36180,41060,20190,28170,21360,14500,14160,26690,44910,39700,19990,32020,18540,10960,16110,26750,35710,36360,36460,35890,39230,35220,20440,24860,13600,17540,28550,22880,27140,38190,25450,10650,19040,10700,27450,23590,33360,32720,20700,13400,40330,34860,18630,25120,23200,11670,12740,22450
47190,35450,17290,33620,16570,15600,18110,34300,12310,21090,36100,23020,37850,29550,18850,15420,41550,33400,20390,35800,18140,14770,20860,32710,41710,34440,22020,32250,13840,15450,20780,42630,36100,38590,43360,39860,40500,39090,21990,30030,12900,20980,36050,19350,46650,38740,18050,18040,14570,21360,32460,18200,36910,38580,15810,14650,33910,31230,19260,31120,13800,14700,20100,31960
40600,25090,34450,28070,18450,16300,27000,40550,16810,33500,30390,34610,42280,27400,16510,14420,47620,32090,32060,25280,17980,19040,31450,47180,49710,28560,34100,29190,18020,17440,30840,45880,44730,47200,44160,46980,43100,25350,33620,42690,16470,35110,22910,36080,46270,26410,21080,17520,17960,37820,22540,32090,47470,23670,15930,11290,47270,23020,30370,23260,19450,17520,24440,49470
39900,23200,44880,18760,18250,21640,48590,45660,20680,43040,21600,52430,42030,19110,16020,21390,35440,20470,45520,21260,21600,20390,42060,50450,45230,27470,50420,19600,18370,21890,39460,47340,44430,51220,46960,46370,47800,23290,44250,47280,25200,44080,24970,52760,39940,23230,15330,16270,22950,44590,26330,42190,40960,18740,19330,22790,39190,22650,41300,20450,18810,19550,48270,42630
24180,44240,28040,19520,24850,33900,47080,29260,40680,28350,37570,47520,31150,22620,16530,32120,23320,38570,33600,24860,17890,35860,49790,36000,26280,42110,31850,22000,20180,34570,54250,37840,51510,49940,49790,50850,32640,36660,53610,43940,40790,31300,39640,50140,28170,19670,18910,32210,34820,28120,38160,45350,30210,20120,18250,25380,22490,38870,29110,13710,19640,41830,48820,31280
18920,50500,20630,19160,17070,49770,44790,19770,51720,17460,51200,51870,24800,23010,22690,48340,18360,47380,21580,22190,27320,54410,51220,22130,22480,54290,22100,19430,22590,51240,45560,18780,48220,53250,55200,48840,23800,53050,52160,45360,45640,26000,51730,55570,21990,20390,20900,47620,45610,16520,46570,44730,20230,22080,23270,53550,16990,48530,20120,22310,20900,49780,50860,19540
36480,34010,17800,18290,38100,47530,37090,24780,27370,36180,47200,35460,22590,20360,29150,38390,33880,29790,19200,23140,38470,46650,36830,28390,40040,28920,18670,21830,36780,50970,39140,28610,45700,56780,48090,37410,37560,52560,45060,51550,28370,41790,50890,33860,17490,19040,28530,33750,30440,40810,50710,33670,24520,21640,35550,35640,30110,27960,17840,23770,37410,44140,34950,26260
43550,16670,22690,19260,50350,51650,18680,45410,20620,52910,49930,18270,19580,25870,53010,18910,48520,23190,22690,24450,52750,53680,22190,50270,42570,24730,23250,22210,46040,48110,21070,42510,47140,52500,51890,24850,52600,50560,46820,50020,18660,48710,43230,23520,22540,22660,48880,20700,18450,52930,57550,20990,22840,20920,52110,18380,45220,17140,18060,15800,48800,43730,16030,48990
32270,18400,19270,28810,46560,34560,27710,35490,39220,46330,33960,24440,24550,25370,34770,29260,36840,21470,21120,32130,53610,45840,24330,39990,33030,19540,22430,35420,52210,41100,26310,40080,45570,50740,39670,37040,54780,47740,49810,46590,33530,51980,34980,19450,19430,31650,41850,25620,36090,51570,34350,18210,22490,30960,36890,26880,26200,17900,17370,30890,44650,38650,25460,40880
15680,17630,16880,41700,45500,18870,42700,18940,47630,42660,20950,17540,21330,47640,22140,36760,18910,18150,23410,43380,48280,22520,43020,20300,19520,18810,19500,48750,46190,21910,49410,21600,49640,43990,22230,45380,52810,44080,51220,47430,44380,44850,21260,15930,19370,42690,24690,46360,50970,49540,21350,19640,20990,44070,19150,42920,18520,14260,17350,48220,47520,20350,39680,21300
19930,17880,26370,42370,30930,30980,34200,11860,45420,32790,19380,15610,28110,41410,22760,49610,18050,15750,30000,45150,32660,28870,36070,17420,17630,15100,25270,49110,35130,28450,33060,15570,40230,35440,27540,50350,42260,57020,48060,43340,41020,34180,13720,19290,26660,37240,24030,51480,45300,29170,22210,12760,23770,40270,24500,45230,15330,20110,22960,46120,33880,24880,37850,16120
14000,14200,28350,42380,27550,34290,23560,14600,35980,19710,18510,14160,33940,18480,35490,37330,13180,19990,41520,40060,22120,32970,23210,14070,13900,17200,36100,39860,19690,35680,21920,15770,37690,21620,31880,42880,42790,43330,43500,42110,35820,17700,16470,18600,31380,19740,36620,44610,40910,16100,19000,16720,35520,24580,38250,48510,12040,14850,34070,40920,18650,32890,23890,12860
11560,21880,35060,32230,21090,26810,15940,17670,21670,14910,13960,21880,30720,21660,35550,41350,13630,16740,39130,37620,24860,27890,12830,17620,13400,24420,40420,29780,18870,34100,15730,23080,28200,20660,40000,45290,42510,34320,35610,36930,24960,15190,19380,24330,28810,19580,36810,37640,19960,13030,16120,24590,32040,21250,32660,46690,10510,25120,32490,26340,15510,26240,15510,18640
14400,28320,31860,19100,28910,16990,14400,24220,13500,11690,16270,26540,18060,26720,35460,33240,10460,27470,30160,21580,22590,23430,12600,29460,11940,28430,35130,17850,28500,17350,10900,31570,17230,32290,35550,38740,27590,34320,42460,36460,20200,10260,16170,19030,20460,24250,32270,30610,18250,13800,14850,28440,22390,26920,27090,32140,11220,24150,31840,23010,21050,18040,12120,20040
32870,27390,20500,21730,19090,17300,14850,13580,30210,19210,26080,23850,21300,27180,18240,11390,38360,27770,18290,28230,24700,20580,16850,15050,39360,37590,26620,16840,25530,12430,10700,16780,32560,34560,30340,27170,37730,26760,19090,15560,32460,27920,24220,25720,28730,37560,30680,15510,29100,15280,18960,21800,20020,31820,23510,13290,33540,20070,19390,26520,20480,19090,19910,18870
39590,31390,21010,27910,16640,16280,16860,21420,22010,23640,31640,23180,33620,34210,16770,15650,32410,26200,22120,29860,19930,21660,20610,18830,40870,37430,21120,36070,22300,15930,14490,24590,40460,41380,31590,34800,35530,24990,12200,27390,25940,28610,32180,28100,37950,38310,22340,20540,17480,13840,30620,22640,29790,41160,21350,10240,26420,22480,18690,25000,19900,24480,18570,17870
36150,28240,23360,23760,18980,22360,17580,30000,22620,28890,24950,23250,29820,27370,17810,19860,33060,29440,32110,26690,23870,23690,18400,29010,44340,39040,18850,32530,19100,13710,19610,39420,42710,44870,29480,37070,33240,24910,19310,39640,24360,30140,39680,37080,41200,32790,23380,23950,12990,19300,30340,22580,38820,33870,17610,17310,26560,20420,31500,23010,26080,31840,20000,22240
31790,29990,38740,20000,21140,17450,27160,34680,18770,32580,27750,32960,35570,21790,20420,23890,35380,25380,33810,31050,21800,24580,33920,32650,39040,27960,33930,31570,17510,15440,34830,46130,43270,39140,42940,34830,34960,22870,32380,39280,29420,42420,32550,44440,47280,25480,28350,26220,14650,41620,23190,31920,42370,26640,14270,17680,23280,20160,29080,25560,30050,23600,27510,29180
34710,27550,35100,27720,25460,17150,33230,38150,30740,35110,31910,37540,38580,20570,25180,27040,30540,30140,32630,29270,23420,18280,34280,31020,43420,20020,48590,19110,17740,24680,47410,52710,48470,31490,49500,34070,32040,18750,48510,48010,34090,44830,33820,47220,45140,22060,30680,31670,23970,48890,19450,50000,43250,17450,15130,14680,28820,33360,29870,39650,34880,16770,30750,26650
30180,35900,33550,29680,23060,31620,39570,30070,32170,29810,34410,38200,29770,18540,24520,29820,29110,37070,33080,30210,26710,27120,41460,34990,23730,40790,34790,20750,19830,36190,49610,40300,41840,41370,45710,33950,27620,29410,51630,45470,43400,37310,44680,48750,29390,25190,33070,47540,38820,30490,39990,45180,30050,19730,19900,29320,32600,32620,33380,38350,23770,29880,30790,29070
22840,35680,28310,25990,17110,40140,37910,21790,34900,30480,38900,37620,21130,33110,25940,37130,31690,37210,30570,30710,23160,40650,38330,36330,17620,53890,17680,21110,20800,53780,49340,19240,30710,53310,36010,35840,26180,48640,55730,38820,52910,36440,48320,52290,17360,36250,32510,49470,42880,25110,54640,55830,23070,19840,15900,50150,29370,35120,31710,36650,20750,25570,32410,35330
33410,36220,25750,20160,29790,46150,40700,30740,30360,29430,40600,35360,20650,30820,33160,32830,31380,35710,29140,29150,35470,47390,32070,34770,37220,35700,20990,20720,33390,45710,35700,27590,42610,46400,37070,30510,34090,45030,46770,39200,31580,43400,46720,36340,25870,42880,38950,39790,25820,39640,48490,32200,20780,21140,34090,40070,31510,37820,31690,26450,28520,29990,36190,32410
40590,27090,33280,23650,41370,41580,23610,36870,34570,39830,43670,22530,26330,28520,44140,25710,35970,27140,32400,25190,40070,41810,32830,40330,43760,18810,19850,23880,53000,43010,21810,45580,52490,35320,35310,23390,46420,47960,39990,46800,30900,40690,51510,17320,35390,34670,52190,34630,18680,47290,48040,18910,19480,19890,50470,15990,32950,36170,32970,20230,30640,34020,32940,25800
31090,22230,16970,27230,38550,34100,29620,34410,27340,35340,30210,26730,27160,32910,38650,24620,32990,32230,28520,29750,39520,38010,32200,35820,32700,23350,22390,34000,52950,39140,31860,42850,41410,40100,33650,26500,47470,43620,38240,44910,38010,53490,36330,28380,29640,43820,47540,36470,35150,45080,37190,17600,20150,28950,37390,25010,34500,34870,26080,22150,35500,35340,35320,34000
26620,23470,17260,37870,40820,27430,37370,26710,36300,35590,16610,25890,33740,35440,31440,29300,30080,26350,18470,32010,39970,33910,34550,27410,18780,20880,19760,45880,52110,20770,42220,23400,33120,34350,18100,47300,48300,36910,47930,34400,45980,49010,21840,32080,32080,39730,38840,38790,41470,44390,20880,17400,16590,43870,19720,38410,36100,32380,18710,24960,28730,30300,26820,32260
18960,19810,24710,36050,29790,24370,31610,20970,34880,28790,21890,28530,33490,35490,22930,31410,29390,21550,17680,32270,36670,30260,31540,21590,15510,18540,26390,46120,35550,22170,36240,16550,30400,23220,29950,43530,36570,31480,37440,32250,46940,33020,19620,31610,37520,39090,31870,46050,45170,32200,17350,16520,20110,34450,24700,48390,26650,24620,21750,29580,30950,29280,29820,33750
18330,17060,34960,31640,22670,29260,25030,22020,26530,21370,20580,25510,29700,25440,24030,30150,18410,16540,25360,28640,27580,24920,29000,26160,17450,19510,33780,43130,23680,34380,19530,15480,26480,24270,35790,38050,30870,43740,28400,26380,33390,20630,24280,27380,39360,35030,36070,40000,37950,20910,12960,14430,34570,18560,31470,45640,28200,11790,21290,30130,30550,29320,31170,31320
12400,17720,29030,31610,18810,25340,20280,22190,25250,16980,20710,19230,29250,23390,30790,35790,15480,17670,29620,29090,22320,30870,20040,26680,12200,21630,36030,34580,21120,27320,11340,17740,20540,17220,43000,35330,32120,32330,27830,31820,27290,18420,23530,27920,33430,29560,35710,40850,28260,14140,14120,20860,32660,23790,39030,44150,18400,14440,20430,26350,22900,24920,20630,29770
11690,21600,22610,19820,23010,24390,15900,25100,14400,17230,20530,19250,24210,22240,29300,29220,13720,21350,31580,19610,20820,23660,20510,31770,14760,31460,31460,18290,25770,14740,11650,25860,18720,29010,31920,30150,30850,24990,29300,30110,19320,20890,20850,33180,27410,29590,36100,36390,17780,11900,11150,28090,21440,25100,39080,33430,12520,14320,20070,21540,15440,24210,20190,26090
22610,15250,18830,23380,16100,24710,27240,13090,33290,32050,23370,21330,26680,16270,11000,14170,28470,13080,15180,25620,15730,27210,25890,14020,33050,31290,26400,20590,23860,14210,12630,15980,36550,29480,25470,19990,29240,12550,9430,15290,26020,32500,35580,28880,33740,33570,27090,17830,20770,11700,15970,22190,19160,37190,27520,14690,27390,8860,16560,24370,19420,38540,26070,13010
21240,13580,25140,26270,21440,27410,18700,15410,39010,30100,21710,25270,26080,16830,15580,17980,21980,14800,19170,25890,25170,31060,22360,15540,41510,35980,19960,27020,18030,12340,12080,26730,37710,34680,21010,27050,20050,12160,20150,22350,38700,38870,39500,35310,34580,32420,19520,19250,19360,13590,29740,21350,32470,33720,20080,10370,15340,11120,21020,18190,27040,32610,22830,13920
20220,18390,32170,20100,36700,30710,19970,16640,32920,31510,18920,36940,18200,16580,17930,29520,17070,20480,35510,20430,38580,33700,18180,17260,38000,37170,19680,35550,15220,17270,18660,35780,44030,34190,20560,40370,15860,14190,19130,38480,39310,38720,36120,43480,42890,39110,18630,30510,14940,20830,32710,19640,42780,34460,10840,12170,9850,19670,33650,20390,37400,34450,15660,13290
13780,29300,28990,27370,38110,24900,16810,18040,42800,25290,32170,26310,20630,16190,27630,40590,21000,29720,26360,31050,40420,31580,17760,14490,45010,21900,38330,28520,18270,19970,30420,45470,45390,24550,36210,26210,19360,18900,28130,40760,40930,37670,47460,48150,47550,27640,27140,42730,14240,36240,26790,34210,43080,24340,15950,12850,14630,31490,27960,31790,37770,28540,11140,14600
22610,35150,19900,38720,41150,14980,19430,18850,36490,19980,34830,20330,18020,20800,37160,39600,23080,41240,22020,42350,38550,17890,17650,16280,41650,19840,39770,18860,18100,20330,46070,43490,41440,23440,46880,18440,17710,19270,48510,47460,40480,43250,38810,42580,41620,20130,44370,44260,19440,34570,19280,46880,44750,21880,14800,15440,18400,38410,18290,45800,38500,17280,19930,18330
33080,29060,35990,42850,27170,19660,22620,25400,27750,35170,33980,19940,18520,31510,39810,35240,38080,32810,36540,41960,29850,21530,21020,28110,21760,37770,33490,20220,19930,37220,45810,33770,26040,39280,38510,26180,20260,36990,48160,33490,47080,47790,42130,45840,30950,30040,47710,42520,35350,27840,36770,50440,25670,19140,20050,30610,28630,24900,35820,43970,30640,17310,17700,32880
41870,23180,43430,43050,20350,22020,19220,42840,20510,43250,22840,19500,13240,39700,46560,20950,41050,23600,46090,46490,17840,19090,18680,41030,23170,48860,20880,18350,18880,44380,46140,19620,18810,49140,27090,22920,24220,54620,56300,22050,43390,40780,47080,51350,18620,42100,54850,42450,44620,21920,47760,43150,19360,19270,20160,43910,42630,17000,46230,46680,19400,16020,19430,46120
25530,30460,40510,32580,19800,23630,35010,36040,29660,27810,24600,19370,34320,41390,41940,24700,30340,39000,41370,35130,23960,19910,31820,38300,32400,25390,19940,23560,35360,44320,33640,26350,41200,30670,20710,24940,29930,46770,36400,29570,42840,46100,49190,30130,30720,51600,47740,45720,30800,36960,45700,29850,20130,18180,27920,32230,25950,33970,49690,28530,16790,13850,26060,29980
20730,48700,46660,18450,23490,25490,46210,19710,47210,24890,26340,20760,40480,49880,23420,44040,19470,52570,46800,22030,24670,25160,48630,20350,39710,18110,21120,20790,47840,47700,19280,46570,47550,16790,22030,19140,49420,51040,22710,42200,38600,46750,50380,23150,46930,46630,49130,42430,17890,45340,43750,16710,21900,23670,49740,15450,16400,46260,46070,18640,17970,20890,43430,19870
32470,41430,26750,23220,21660,30250,34560,21610,25890,22420,20600,32470,43340,33370,35120,33990,28930,46170,31110,19550,18950,32110,32210,24850,28060,16460,16020,27860,50340,37790,33080,39870,28550,17680,24830,26740,49010,41530,29240,34610,42040,47430,32350,32140,49940,50330,45800,40800,32100,50750,28710,19610,24210,30220,42230,25830,33540,40630,33470,17880,21870,34360,40120,26690
37280,37480,17700,22110,23490,39260,23330,40360,22790,22770,20690,35440,34410,29560,44130,18600,39080,36760,19720,19490,23500,43860,20380,40020,18100,15860,15780,49150,46320,19390,42070,22310,19320,21060,21040,42810,43020,26030,42450,23520,48070,42440,17600,42260,44880,49900,42950,43700,43530,43990,20780,17780,17110,44500,18950,37080,41100,41920,15790,14860,18040,39560,24450,34040
33170,25030,16230,15800,28690,24560,25070,35400,15180,17560,27950,36430,33780,27390,33130,17050,37590,25940,19060,21500,27570,29420,28740,37090,13170,10350,27600,42540,39900,24990,38170,13820,14870,20190,25870,49860,38020,24120,37300,16720,45680,25980,27350,47960,47680,40720,45020,41400,34040,25970,15080,22630,26200,32060,20670,38810,41010,27090,13810,19550,27740,33520,22510,41610
30960,19150,15620,19600,36660,17810,35770,33060,16190,19150,31700,33880,23140,28260,15950,19360,37650,17640,15540,17160,32380,18310,28950,40510,12710,18340,36040,42900,23310,34370,22110,12420,15210,15220,35310,35520,23350,38740,19260,14500,37220,22100,29510,41460,41410,40260,38300,37780,32950,21210,19260,16720,30270,24000,30580,39840,31320,20280,16600,15970,35310,23930,28300,31670
20160,10600,17360,17390,26690,20310,34950,32920,14110,25470,28770,23870,22940,23970,13550,20880,19960,11920,15990,25240,22660,22990,31490,39490,11550,24980,39560,32210,20120,30530,13790,24460,11490,19150,33610,28370,23500,33160,15110,22550,26880,22380,37610,31880,34020,34560,35390,34370,26840,12760,14610,22480,33900,20420,38850,36270,20330,10810,13760,18670,27920,21480,37100,36220
11040,12200,13370,21720,12860,26130,31340,34740,14240,27720,31250,18470,20730,17950,16270,27930,15540,14990,13080,23590,19780,25360,30940,37130,13830,26390,33630,19840,23970,20870,11750,28920,14740,27780,26130,23420,25410,16870,15490,27310,18840,28220,40190,34670,34560,34500,36700,34090,14130,11670,16540,23370,20450,24750,31080,33650,13370,8120,14760,24000,15900,28650,34620,33560
26840,7050,17160,22690,16900,32580,22990,12410,31570,28610,14930,23030,20960,15900,14260,18420,25730,15450,22090,19580,23820,24010,18530,11770,31360,22560,16000,26350,16810,17920,20050,19490,33620,29480,21580,19340,23400,13260,9590,16400,34600,29260,31860,19790,32610,24350,17140,13860,21810,19520,22920,22020,21830,34430,23380,14330,27330,10380,14070,21710,15530,29390,26280,11330
14800,13460,27420,19670,23080,37660,19470,10540,32110,27420,14710,30690,15160,17580,13850,21740,18910,16040,27700,17890,28150,32140,12260,13770,31250,25650,14880,30250,18910,20610,16680,21910,36130,33270,15180,28860,18570,13490,13130,24980,37550,31350,35000,28350,35330,22910,17950,21980,22770,18320,28650,24590,33020,38280,18240,14920,16080,9470,27870,12720,21550,34060,20420,10160
11500,24040,30350,11720,35700,33390,11210,10050,31550,32350,24460,24050,20030,16470,16720,27810,20290,24590,25380,24330,28200,21520,13280,16160,26220,23250,25830,24350,24270,23840,18320,27840,41050,28630,19800,32780,13520,12790,17980,35370,40060,34030,29210,37470,28270,26070,16630,41170,22180,28940,35560,25970,36300,28990,18220,20620,13180,16920,31210,18000,36680,33370,16400,11860
14970,30270,19440,30750,42860,28270,12730,13080,31610,22080,31890,18360,17760,20050,27880,31700,21300,32740,20460,32970,36590,22540,17670,22150,35830,19100,32590,22510,26080,23100,25290,30090,40770,25020,34960,24880,16150,15190,27000,39300,42390,35800,36930,37920,30030,14840,27970,42780,23000,38190,30590,38440,43410,23720,15430,22330,12660,34080,20520,27160,40710,25900,14630,12160
16000,42620,18860,50110,38640,19510,16590,15960,31380,27300,33470,26640,22820,13660,35740,32530,21080,30090,25770,33170,34350,18310,27820,24960,27700,28220,34080,25000,25600,21300,28330,35390,38560,17730,37160,14740,14430,22420,40880,41360,43400,27050,46390,37010,29630,22150,43960,42570,27980,41030,27160,39690,38690,15620,24670,26280,16150,38240,17760,41960,36280,15080,13970,18260
36190,28680,35480,39230,28980,12540,18660,24570,24600,33930,21290,26010,24800,26960,31240,22790,32750,27160,31040,37300,20390,17990,20670,36890,22220,31800,29370,24160,26680,21630,32730,25370,22230,36920,27610,14960,18320,38780,43110,27460,35700,46420,40610,29300,23590,29640,43660,38300,41270,33930,36810,49420,24310,20250,22540,37450,26950,27800,29740,45850,25430,14900,16310,25430
47390,18250,42030,47260,14000,16820,16670,45550,24330,35770,26240,24270,21400,36480,43800,23240,33280,27100,35510,35680,18860,28010,30690,35230,25470,33480,28080,29790,20790,35250,32090,25800,11480,46950,17930,16870,20680,37910,49290,17490,30230,48360,35270,34170,19300,46220,42070,34110,44650,28320,45000,47480,21270,29000,26720,45490,44720,17330,43890,40080,17580,17580,19020,38020
24600,32440,44660,28270,21010,15370,29420,32590,35410,29970,26330,24920,25030,35650,32240,32240,23510,30320,40580,26840,23390,26030,31820,32380,27480,32450,24270,22610,24870,33420,26530,24780,32920,26890,17830,19190,32660,43750,36690,21520,42890,34970,35180,24460,28660,49820,40040,35470,27010,34650,50530,29230,23270,31120,30030,35790,23020,28790,44760,29300,15840,19980,29830,34450
14750,37760,46350,18010,14630,15130,46680,15230,34560,24840,22660,19570,36340,35010,23540,31660,26710,39490,34610,16590,23240,22790,34590,22850,33000,21070,33240,18990,30880,35440,27910,37020,47910,16520,19210,19240,46140,43360,17720,48110,47200,35060,37840,18240,44700,45640,32640,41890,27370,46000,48560,18210,31480,27120,43560,26670,13370,45680,43230,14370,17820,19920,43790,15740
29710,44070,31740,18900,16500,27520,35880,24600,29070,27150,15760,25830,36340,38840,27150,35340,26270,35540,32210,20260,28690,29840,34600,20980,32780,24390,22200,23500,41030,37780,25570,34510,30820,18180,19750,33080,39170,36950,24520,32520,35090,33020,27250,31340,45730,36850,39080,40270,30770,43260,33000,26300,31840,28310,41030,29480,35700,43730,30290,18960,16270,22710,32990,16290
41180,40360,21940,12960,16310,37750,19850,35680,23790,24000,17270,29740,32140,27820,35620,22630,36350,29610,17690,24090,29220,28900,27170,28410,31590,22790,20990,33540,31920,25090,25380,22030,14440,14790,17970,44170,48400,21490,40690,20930,25440,30220,17740,40070,44490,34570,41280,33170,35960,40570,19100,24600,26040,43490,24240,36580,40590,38250,20260,15870,13260,38390,17320,31530
42480,23650,16090,12430,24530,37560,24350,39980,17100,18740,21580,35090,31730,20800,31300,20890,30730,29580,18300,23290,24010,33890,16390,30460,24060,17440,21770,32850,38040,22940,30890,22720,16760,13550,26040,50120,32690,23310,33510,16190,25400,27020,31600,44160,28500,42020,34540,27860,39450,26560,25140,25720,27080,38750,29540,33670,37200,33330,15190,15120,22780,33630,18510,39580
30920,14810,12140,15820,32540,20190,32500,33580,15490,12610,24740,32050,26950,28080,23330,20580,28020,16140,19290,21320,26610,23280,23410,26640,17910,12520,22850,31860,26860,24410,26870,22690,10180,19000,40190,39150,18690,28830,18550,12800,25660,17610,29750,41980,30790,37120,29760,25710,38420,19080,20590,18380,33580,30970,28820,36720,39070,22010,11690,15750,34590,19900,28950,33810
23280,12690,9460,17230,30900,18530,32320,36320,13930,12270,24270,28990,11060,34140,16780,19930,22740,13440,15060,16150,28530,19300,26480,30100,11750,13340,24660,28250,16210,27110,18740,21510,12850,17360,29010,29090,21190,24880,14100,13310,24790,18250,34620,34210,30700,35010,29000,25820,26090,15370,23410,27630,32980,24430,33610,41650,21200,13630,14270,19590,24540,19960,32030,36920
14540,10570,9960,23990,18650,23180,30340,31260,11300,14140,24860,18060,20540,22570,17570,23810,16850,16510,14420,16430,29860,21180,26070,33920,13710,17030,25970,20210,16550,22380,18900,26730,10840,27570,30650,19440,20270,14030,12130,16310,14320,24100,32330,25890,31590,20180,18440,34980,15920,19830,20310,25910,23770,21250,29620,31620,15150,13390,9160,24820,16940,26180,32130,26570
21980,11990,18080,23660,16680,34550,25460,9490,28900,14990,11640,22440,16460,22720,18910,14250,21500,26740,25730,11180,23380,16070,9530,11920,29130,16060,11900,21910,12900,24160,25470,13340,24500,30070,21100,18600,24170,12170,14290,16200,30140,33250,26220,14720,21880,13100,10920,13280,28230,29570,34760,27040,28520,33010,17900,18120,22910,8890,18900,25300,15300,30510,21730,9760
14910,12820,24090,18420,21830,30770,19570,6190,24260,15770,16040,22610,20570,24860,16950,16340,29040,22390,19060,18860,20470,15870,12100,24460,21550,13170,22720,22820,20960,26480,24890,14780,32030,33720,15770,24590,19200,12820,11700,21990,34610,32870,20170,22330,22600,21360,12830,18310,28580,31740,32640,29840,32590,35140,13210,17020,16740,11210,24110,17280,27500,29440,18980,6910
10690,17810,28820,13920,34750,30240,12960,13220,16160,17540,29910,15250,26640,29820,18850,15100,22150,29120,17620,28590,17300,17340,13260,28600,17110,14820,32020,16500,29150,27300,12730,13330,36120,26910,18360,33440,16330,17640,15710,30720,34240,26630,21330,37920,15890,14470,15390,37230,33690,35260,33260,39190,34970,30310,14780,27540,14140,15720,30290,14660,35470,29560,13680,10400
9630,33720,25920,33360,38270,17930,13140,15130,20440,26340,24880,21630,30150,21880,20540,18250,36540,29030,26700,25240,14450,10610,19910,32400,20240,27690,24910,27260,30550,23180,15950,19010,40640,14840,34590,18510,18750,14720,28590,35430,37490,20310,27840,26960,15530,8830,30350,38790,32190,41670,29440,37840,40660,15490,22410,28150,9240,34360,20230,32350,36230,25060,11680,15080
15300,34690,16780,37390,36820,12740,17120,11580,15580,31200,18550,30310,32010,13900,21430,16260,31120,22040,32380,17110,17020,13470,31320,28570,17470,35550,20780,34170,37810,15010,18710,21330,38110,20360,37520,13580,17250,20440,36390,37820,35850,20780,41200,14150,19860,18620,37410,36640,36010,43210,40810,35000,36000,12800,29980,33650,17250,34130,19770,36780,36650,11220,12260,15660
35880,26170,29830,44190,30030,11130,19650,29700,27530,30280,25640,33180,23200,21290,20740,23830,26220,27710,29020,26920,16740,22520,34110,28430,33610,25590,28550,33360,26610,23080,21940,21340,22010,35480,23940,20080,16150,30140,42300,30250,22250,33890,26020,22200,15290,30250,37940,32150,33590,33800,37320,43840,21410,22560,40810,36050,36060,22080,28580,42530,21540,13570,17190,25760
40040,17760,45520,51920,12760,14650,15750,42670,38050,23150,27380,35020,16420,22580,26430,30100,17310,33240,18540,20190,16270,34800,37330,22220,30340,23140,39970,42110,20410,25960,15870,31810,13920,39680,14540,16860,19270,37760,41670,14450,18930,43100,19780,20430,17990,44760,40690,22840,36050,38800,38590,36000,16740,37570,35180,37540,35850,16410,39810,40750,15630,14390,18690,38990
25830,36490,38570,26130,20710,19580,26680,29650,18170,31110,36940,23900,14340,25020,24620,31230,26680,27710,24860,19240,23620,30420,28340,23680,23920,26030,33480,23170,21070,20670,22430,29070,30160,22560,14900,20130,28880,38410,28370,27250,28000,30810,20730,20950,28210,35730,32140,25110,39410,32790,38870,27220,24460,36800,38500,39310,28910,33700,43140,22060,17180,19880,24160,23560
12900,43340,40710,14090,18100,17260,46060,12220,20980,33280,33460,20960,23420,21590,37710,20530,32180,23400,20760,14500,36290,35430,21040,38010,23590,30090,36330,17070,21900,20930,40260,21240,37820,16750,17530,15260,37920,40030,16620,41790,38320,17450,19130,16340,38850,40990,20000,37910,33350,36380,47470,18640,37850,31650,38110,37910,15180,42150,42900,13600,18290,16540,38190,15010
32230,42280,30860,12540,14340,23850,30130,22350,27510,28130,23050,13940,20160,26070,31510,26890,22730,23650,19570,23760,36210,25900,25420,25770,26640,40040,21830,15430,23410,29560,29170,23970,27660,15660,14920,23320,39310,28050,23350,36150,26280,20710,15710,25710,44690,34820,26310,33220,34830,40490,32350,23650,33530,32520,40160,34720,21900,38030,30860,17580,14940,29470,37500,20550
43440,36510,11560,14810,14740,33740,18440,33550,32340,30170,15080,17000,21210,33860,16480,36110,21060,21550,16770,33010,32310,18240,33350,18830,33360,32130,12160,20470,22500,33800,17390,32280,14380,15200,12680,37890,36960,16590,40830,17780,17320,21760,17100,40210,43160,21460,41150,17820,38420,38640,17250,26870,31110,35610,40540,32910,34540,36590,18350,19050,17130,36880,16980,31620
38280,29450,14680,11680,23590,30020,17760,38430,30510,18170,12590,22840,24260,27180,20590,32810,21670,16820,15230,32140,28170,21220,22900,13210,29750,26130,15520,18000,23830,28320,20230,33900,10170,13420,17680,40660,25070,25230,31770,14380,20740,14160,22850,36380,32410,31160,29160,12570,31900,21180,21780,37000,34680,40980,33040,39620,39450,27390,15590,15340,20810,31910,19050,32440
29220,12330,12320,13220,26450,19480,28810,30680,24070,13760,11440,20860,29230,16910,31450,29910,17520,12910,28730,25980,16570,28660,15380,14920,28090,12950,15320,18350,30240,16240,30400,29970,13560,10030,29990,34520,16950,29030,19080,10490,10790,12240,31200,33030,16240,36600,19470,14040,29660,15260,30270,31900,35670,34400,30090,38450,28490,14080,14370,12920,26020,16420,29140,31810
25390,7850,11720,16280,23480,23380,35600,33950,16320,9480,13670,22400,22980,22840,23680,25650,15850,20470,25630,18800,21300,18380,13150,23020,18080,8520,14790,21790,25300,19370,30510,27190,11430,16740,27270,29730,15060,25850,10650,16950,15540,18550,39120,24950,19530,26810,15490,17490,21050,20390,31120,28900,31750,23810,32470,38020,22400,13690,14830,17640,25750,16480,31220,30140
12880,8460,10170,21680,17880,24190,33030,31680,10460,10830,12850,22920,11240,26770,21720,24430,13130,20180,25840,17120,25330,14580,13330,25120,11320,11630,18280,25430,17200,25940,27040,27250,11840,18830,31120,19580,23360,15680,13100,28110,15690,21710,31330,19660,25110,21370,11630,24390,16180,24280,27200,29400,29270,24640,33840,34950,12670,10060,9260,25110,19020,21310,32210,30790
21940,11840,22280,20890,15560,31710,21160,12610,22430,8450,12740,20010,11880,25250,20280,10620,28110,22340,14390,19240,16730,14010,12790,15350,25610,14720,18530,17580,17820,24810,18030,6100,32440,19300,13170,17640,15760,15270,13280,15960,30720,28030,22420,18040,19690,11870,9130,10560,35050,29960,30430,23670,24290,19530,15980,10430,19710,13830,20380,22630,15380,24650,21720,8270
14930,14600,28240,16070,31320,34620,16650,16750,12130,9020,23250,17010,25220,29380,15680,8670,22420,25170,13960,24690,16790,12450,11700,15510,15330,16470,26400,17960,30480,23340,11670,10890,25270,21880,9600,26910,13090,16060,13670,17950,33360,27250,15760,29810,16190,9870,9350,22480,28030,33590,25010,27830,28800,23890,13180,19970,17300,17510,26130,15880,28880,30160,20230,9420
16640,22810,29190,21030,35770,29010,16710,20190,10490,15820,25380,15380,39070,31840,11690,12790,26900,17910,17170,20010,15890,17210,17250,21620,16570,22060,17710,23850,26120,22230,12990,19240,22830,17650,20580,22970,17640,17310,13130,26060,33160,26110,16630,30150,11400,14510,12610,25630,33360,36250,25050,30770,28180,22510,16860,33920,19330,17940,28740,19940,28770,27950,14470,17180
17590,31170,24050,34700,34980,23580,15850,17350,10670,28170,22630,30440,34630,19210,10540,10420,27450,18580,27790,16930,20660,15710,19440,29220,21750,27690,17490,32460,23820,15590,11440,18520,28070,16700,34350,21790,16840,19660,21100,22840,34440,20040,29050,17790,14090,14240,26590,35280,34680,31810,29550,30670,23630,14640,25380,38280,18860,31180,22220,31810,34570,19210,12450,19590
18880,27450,20770,38080,32860,21460,19520,16010,16270,39800,13310,33750,35860,14300,13010,11520,25600,21530,29520,16970,19470,18230,25130,23530,21600,21920,24950,27060,28550,11250,22530,19190,24590,20190,24660,21220,21450,10930,29390,26540,34670,17590,38110,14920,16060,16370,39780,35630,29840,28990,37650,21820,26300,15190,31050,37950,21950,34710,26680,31870,29640,12280,25520,23280
32850,26680,31150,39060,21790,13040,19030,30640,28210,19880,31300,39050,23730,13520,14170,21360,20030,24870,20870,19560,17570,25830,28940,23180,30110,21190,28920,27010,16760,16930,23300,24200,22450,30670,27270,18710,18630,23940,36530,17930,17990,31160,20920,12860,13640,23480,34230,27050,29510,31460,32910,27640,16500,22350,31610,37370,33160,28290,37740,37630,20930,14410,20420,28350
41220,19540,38310,41670,19380,15800,16040,38800,37700,14200,37400,35140,17240,17940,14930,33330,23710,27560,21960,20900,15220,27100,30450,21900,26810,21560,27540,28500,14110,23500,15600,29030,19330,27650,23080,19360,11990,31120,30620,18930,12600,35800,14240,14850,13200,36260,34440,13140,28140,36320,28600,29790,13940,38980,34930,32680,35790,18700,37960,32400,15000,20030,22200,41890
23850,36870,39550,26330,18680,24670,30110,33150,19310,30020,37090,23220,16330,13330,22320,23340,22270,24280,16740,14840,19710,29720,26100,20430,25030,25900,33400,24750,16280,19770,22100,26760,23890,22160,18880,15610,19740,29820,25120,24790,30190,18800,16200,12050,27800,32280,30620,18510,33340,31170,31440,19110,27910,37880,36660,28490,24890,34650,35310,24620,15410,17300,22580,30620
19170,42840,33700,19490,22860,20990,43530,19920,12680,37150,40010,14710,13270,12600,38330,13160,31500,15920,17660,13630,32100,32460,14330,29230,19150,28930,26100,12930,21400,20940,28990,20480,25020,24800,16990,12320,31480,29490,19750,25110,35460,16620,15680,12680,35540,41520,12150,34610,32950,31270,28010,14300,36900,37670,28420,36440,21370,36190,35710,14970,19660,21310,34940,21960
28840,36020,29530,17080,20680,27510,33620,18950,26670,40940,26840,13730,14970,19760,26020,18370,23550,20260,16230,19520,25640,27460,18880,28830,25040,26100,19890,17910,18460,19320,28760,18080,25880,19700,18460,20870,32540,33280,21260,28360,25630,10790,13990,21630,37960,26850,25290,29650,27880,25820,22370,20840,34610,29590,31840,30970,24210,38510,24650,19350,22690,27160,33290,20960
33540,31600,16530,19260,20410,35190,20660,29820,34080,37410,14370,10730,11970,34900,13460,31590,21040,21400,14800,27960,26750,18250,30540,23470,25840,25110,15110,20920,21450,22160,20380,25700,18980,19010,14230,22160,36880,22220,24690,25600,10170,11840,11730,35840,41260,16430,32850,11960,27050,28460,14030,30270,31550,24080,38440,27290,37620,29850,17010,18590,21780,33330,21620,29400
34090,30420,18240,18590,20560,29380,19700,38330,31730,23790,13290,12270,19250,26330,21620,37520,15730,14700,17990,26120,33820,19010,28300,19900,25790,23740,12780,24210,16400,28170,16920,22930,20860,14140,15500,28200,30340,15490,24960,17680,11900,11370,22060,31120,28640,25310,25000,9950,26590,23100,19840,31080,26370,24510,30260,22270,31850,25280,11840,23750,25210,35410,19720,33160
35550,19970,13780,18170,25830,24910,28590,38000,26030,16560,11620,12530,25550,16230,24110,32250,13690,11210,23740,26550,21440,18260,17420,19010,29450,15640,16170,14920,22580,17370,22200,23430,13260,11420,21460,23560,19290,23950,23540,14360,9480,12740,29220,35690,16150,25400,15210,7760,23910,17760,27650,33940,23030,28650,19490,24230,28260,17910,15880,15700,30470,24490,30690,35830
27830,16100,12980,16880,24440,18910,28890,37740,20530,8850,12720,14550,21650,16610,31120,34800,8920,8690,21080,27420,14690,27760,19570,17080,18920,12980,19690,14720,26370,13420,25900,27380,9670,11140,28060,26600,14980,19300,17430,18910,7210,14330,32520,17330,16930,22730,11940,12190,20620,16400,36040,20770,28690,22750,17530,32160,16890,14850,18270,14550,32070,15940,30450,31910
14920,10630,11450,23090,20590,22370,31400,33040,11390,10810,10470,21550,9700,20720,25600,30960,8360,15650,27700,19940,15820,26230,11760,20660,16050,13220,12860,17360,15730,15550,22550,26750,8910,17170,26700,19790,14360,22490,9940,23510,9600,19750,24380,19680,18020,16450,7340,21260,10830,23070,24530,24370,27320,20680,19390,29220,14080,15000,15800,27250,21950,21090,29780,29340
23650,18560,28610,22830,24790,26230,22440,20800,20860,6920,16630,20140,16020,21410,22590,8850,23850,15670,6250,22200,16040,16010,19690,9550,21100,16730,17240,9130,19480,13170,8420,9750,24830,12450,13360,16410,12620,18950,13820,10270,31900,22950,18720,16180,20050,8570,10730,9450,29710,21510,21250,21350,18880,13230,7530,12000,24250,19290,23880,16940,20260,21850,19070,7760
17710,27010,26950,25320,29630,29840,23010,19490,13080,9840,25020,15020,21620,24720,17090,7550,23470,14380,16720,13720,10210,17190,17010,17770,22660,22060,15710,14720,19130,18240,9000,14550,16400,14680,18410,20630,15360,24110,11640,15000,28230,26440,13700,22700,10450,9130,10450,20400,32120,28170,20410,25110,17750,14700,10610,19010,22280,23040,29810,21030,29380,21520,15390,12960
23870,24360,23820,28360,27490,34340,21490,23630,13610,16260,23370,14870,29580,23190,11830,9100,13130,14440,22830,17100,19950,22610,16270,15430,20950,27800,14730,23810,14430,16180,11360,20680,12410,12750,18740,13890,22250,19250,11630,13520,27070,21290,15290,24690,11700,9340,10580,26940,30950,26620,13470,25670,16320,12030,12550,25260,23240,24350,28230,30090,28070,21050,9520,24180
21600,36140,20680,37880,34590,28810,21990,25210,9880,26440,16140,18720,35240,18880,8780,8530,16870,17050,30220,18470,24940,20310,16150,13500,23030,22070,17590,21640,14560,13840,16840,22190,16890,20790,24440,20400,30090,16110,16240,15320,32420,16370,23820,19750,11360,11190,23240,29880,33370,18770,22400,23650,16070,13730,25430,30030,23880,29160,19910,33260,32370,13830,15800,23940
28660,32030,32330,35860,41200,26910,26720,23870,12930,28540,12620,30620,30330,12550,10300,12420,15480,27900,17400,27030,25250,9150,17610,11230,26600,18020,27370,18030,15480,13030,24960,23190,16640,23430,18800,27220,28280,13670,19910,14060,27400,18140,30360,14560,10170,12430,31080,25770,26290,19430,31940,15070,13900,11270,32230,42330,32690,25270,25290,28250,25110,10080,26940,27850
38670,24920,34670,38770,33180,28980,27000,33260,29060,22180,28520,39020,22780,11750,14460,20140,17180,23710,19640,27740,16770,17800,20740,16780,24690,25990,18450,18580,12940,17560,26260,23480,21720,20980,18710,24740,16880,18180,16960,16160,15760,24690,15930,15180,14630,21300,30180,19470,24680,25590,21780,19280,10010,26230,34030,27250,26770,26630,31510,31550,18600,18730,25980,26960
36100,27070,39560,38740,35240,25100,26880,39030,28040,14480,36270,35760,10620,10210,12420,30220,22920,19790,26880,26150,11610,19790,20730,27200,18280,23880,23060,18920,15690,25520,25880,20560,22460,21830,27050,22660,13300,18640,19480,23640,12980,29300,12970,15980,11740,29640,37990,9740,18430,36870,17470,16480,11880,33300,28790,14840,28660,26350,30110,33300,11490,19460,27980,35520
30610,38440,38000,31990,27810,21680,32410,33780,20130,24110,36690,23090,12880,12190,23450,25990,16800,21910,25700,22980,13520,16580,20110,26680,25210,19960,17460,14110,17720,26120,25380,19200,19160,23580,23260,16040,14650,15860,19340,22790,25330,18390,16740,7530,20260,32570,22960,16940,27680,23230,17020,14390,24280,36650,30740,20880,24950,29530,34680,17160,18130,23460,26400,30400
27850,35800,41100,26300,27090,27450,34980,26360,15930,35410,31490,16710,13730,14900,39270,13200,17120,23640,28230,10600,18220,17950,26550,21230,25930,19050,21800,13090,25630,25230,21380,16880,17940,22680,23260,12160,17800,18290,22370,18140,31140,14000,11380,11270,37040,26890,14420,27380,31820,17130,13110,10740,35050,34720,16710,27270,21650,31550,30320,10470,26770,27320,28090,25380
33070,39730,33330,29270,19480,27990,32440,22730,20460,34380,21230,15770,12700,21610,25760,16300,28200,26760,19350,10020,22500,29380,20290,24670,17090,19970,17620,19130,26350,17480,23840,21180,20920,21290,20120,14810,22190,21630,19560,20560,23410,17490,11520,21050,34900,28500,22390,23850,29310,14170,16670,19370,31540,28500,20840,28570,21540,28130,22660,21520,22950,24100,35210,25650
36280,31230,26780,22370,28140,32200,31900,34430,27030,39080,10710,11450,12500,33460,14890,33000,23880,26790,6840,15750,16000,24350,18970,31250,15620,17680,13150,27910,26340,20820,22970,16060,25140,20210,13650,18350,17280,28470,19380,23560,15050,12840,11270,27920,33400,14180,28900,12260,14790,15320,13840,34030,35330,19060,31180,17060,25270,27940,10820,25920,29970,24660,24710,26580
36410,33680,22790,24970,23310,34030,21410,33440,26670,20960,12290,10440,17840,23470,19850,30070,23970,14370,14940,15870,21150,15620,24230,28840,15400,18340,11780,22570,18770,22510,17810,16210,16780,15090,9880,20100,17530,21620,20820,23830,8940,13630,16880,30450,26630,14090,26810,10540,17740,17490,19500,33380,28670,22120,28440,15630,25640,18430,16620,26400,20390,27450,21390,27200
32790,24310,26080,22340,29830,31210,20360,36360,32010,11800,7750,8280,23900,13500,21600,34650,19640,10410,11620,20140,20920,15480,22430,25450,15610,12470,24920,20110,14460,21390,15440,16730,17330,8520,15490,18310,23600,15370,23060,21750,9710,11620,20650,26640,15440,23890,15670,8930,14950,12930,27680,32190,21660,26050,17490,14080,23600,9810,22600,23230,21370,27990,20440,24020
30530,21140,21270,19770,31130,22190,34790,26260,21280,7290,9210,9960,27200,11460,27990,28960,9620,8160,20870,17840,16090,17390,21590,23860,18250,15620,21070,15560,15700,16820,13150,18350,13120,11680,14070,20640,12480,14720,19990,19380,9610,12890,26980,21780,15500,24380,12540,11680,13440,15830,24560,17930,19950,22300,14740,18740,20540,17680,23130,20150,26210,21220,22370,33380
22010,18790,17300,19770,29010,28500,28370,32500,15630,7150,9370,17770,14950,19930,26330,26840,6490,12650,19710,20210,11610,22160,19240,19690,11240,14630,13120,11000,18820,10680,13570,28870,8670,10710,14710,19060,14010,22210,14600,18860,7430,15890,22730,15500,15820,16050,8810,19270,14880,21360,26710,21580,20800,17200,16460,25450,10530,17880,18740,20340,23530,20180,29530,32350
